6p1j9OP2IBdzR5tgtyJk10,Ken Carson,Nightcore,221,5
7sO5G9EABYOXQKNPNiE9NR,Offset,Ric Flair Drip (with Metro Boomin),243,5
5TRPicyLGbAF2LGBFbHGvO,Kanye West,Flashing Lights,40,5
5TRPicyLGbAF2LGBFbHGvO,Kanye West,Flashing Lights,38,2
5TRPicyLGbAF2LGBFbHGvO,Kanye West,Flashing Lights,223,3
5TRPicyLGbAF2LGBFbHGvO,Kanye West,Flashing Lights,46,5
5TRPicyLGbAF2LGBFbHGvO,Kanye West,Flashing Lights,66,4
41bmnQZoDMQdDh5zyomtW7,Lil Uzi Vert,Endless Fashion,117,5
41bmnQZoDMQdDh5zyomtW7,Lil Uzi Vert,Endless Fashion,248,5
41bmnQZoDMQdDh5zyomtW7,Lil Uzi Vert,Endless Fashion,219,3
41bmnQZoDMQdDh5zyomtW7,Lil Uzi Vert,Endless Fashion,82,3
41bmnQZoDMQdDh5zyomtW7,Lil Uzi Vert,Endless Fashion,66,3
24jvD83UgLmrdGjhWTFslY,Lana Del Rey,Video Games,127,5
24jvD83UgLmrdGjhWTFslY,Lana Del Rey,Video Games,66,3
6HSXNV0b4M4cLJ7ljgVVeh,Bob Dylan,Knockin' On Heaven's Door,51,5
6HSXNV0b4M4cLJ7ljgVVeh,Bob Dylan,Knockin' On Heaven's Door,89,3
6HSXNV0b4M4cLJ7ljgVVeh,Bob Dylan,Knockin' On Heaven's Door,91,4
6HSXNV0b4M4cLJ7ljgVVeh,Bob Dylan,Knockin' On Heaven's Door,163,2
6HSXNV0b4M4cLJ7ljgVVeh,Bob Dylan,Knockin' On Heaven's Door,219,1
6HSXNV0b4M4cLJ7ljgVVeh,Bob Dylan,Knockin' On Heaven's Door,146,5
6HSXNV0b4M4cLJ7ljgVVeh,Bob Dylan,Knockin' On Heaven's Door,28,1
6HSXNV0b4M4cLJ7ljgVVeh,Bob Dylan,Knockin' On Heaven's Door,41,4
6HSXNV0b4M4cLJ7ljgVVeh,Bob Dylan,Knockin' On Heaven's Door,66,4
1mea3bSkSGXuIRvnydlB5b,Coldplay,Viva La Vida,232,4
1mea3bSkSGXuIRvnydlB5b,Coldplay,Viva La Vida,91,3
1mea3bSkSGXuIRvnydlB5b,Coldplay,Viva La Vida,249,4
1mea3bSkSGXuIRvnydlB5b,Coldplay,Viva La Vida,171,2
1mea3bSkSGXuIRvnydlB5b,Coldplay,Viva La Vida,181,4
1mea3bSkSGXuIRvnydlB5b,Coldplay,Viva La Vida,165,5
1mea3bSkSGXuIRvnydlB5b,Coldplay,Viva La Vida,244,2
1mea3bSkSGXuIRvnydlB5b,Coldplay,Viva La Vida,219,4
1mea3bSkSGXuIRvnydlB5b,Coldplay,Viva La Vida,213,5
1mea3bSkSGXuIRvnydlB5b,Coldplay,Viva La Vida,164,4
1mea3bSkSGXuIRvnydlB5b,Coldplay,Viva La Vida,209,4
1mea3bSkSGXuIRvnydlB5b,Coldplay,Viva La Vida,158,4
1mea3bSkSGXuIRvnydlB5b,Coldplay,Viva La Vida,259,4
1mea3bSkSGXuIRvnydlB5b,Coldplay,Viva La Vida,185,5
1mea3bSkSGXuIRvnydlB5b,Coldplay,Viva La Vida,41,5
1mea3bSkSGXuIRvnydlB5b,Coldplay,Viva La Vida,215,5
1mea3bSkSGXuIRvnydlB5b,Coldplay,Viva La Vida,66,3
6iaQi9uPzHoXLMo5g490Bj,Hiroyuki Sawano,Barricades,232,4
62PclpoBFLl50PJpiJA5RT,Thundercat,Dragonball Durag,116,5
62PclpoBFLl50PJpiJA5RT,Thundercat,Dragonball Durag,82,3
62PclpoBFLl50PJpiJA5RT,Thundercat,Dragonball Durag,140,4
62PclpoBFLl50PJpiJA5RT,Thundercat,Dragonball Durag,223,2
3KkXRkHbMCARz0aVfEt68P,Post Malone,Sunflower,58,5
3KkXRkHbMCARz0aVfEt68P,Post Malone,Sunflower,215,3
3KkXRkHbMCARz0aVfEt68P,Post Malone,Sunflower,86,4
4M35HMVeTKlXJqVV9dcVXr,Aunt J-Classic Orchestra ,Kimi wo Nosete (Castle in the Sky),44,5
4M35HMVeTKlXJqVV9dcVXr,Aunt J-Classic Orchestra ,Kimi wo Nosete (Castle in the Sky),22,5
4M35HMVeTKlXJqVV9dcVXr,Aunt J-Classic Orchestra ,Kimi wo Nosete (Castle in the Sky),260,5
4M35HMVeTKlXJqVV9dcVXr,Aunt J-Classic Orchestra ,Kimi wo Nosete (Castle in the Sky),49,5
4M35HMVeTKlXJqVV9dcVXr,Aunt J-Classic Orchestra ,Kimi wo Nosete (Castle in the Sky),91,5
4M35HMVeTKlXJqVV9dcVXr,Aunt J-Classic Orchestra ,Kimi wo Nosete (Castle in the Sky),219,5
4M35HMVeTKlXJqVV9dcVXr,Aunt J-Classic Orchestra ,Kimi wo Nosete (Castle in the Sky),66,3
7rWgGyRK7RAqAAXy4bLft9,ABBA,Angeleyes,180,5
7rWgGyRK7RAqAAXy4bLft9,ABBA,Angeleyes,61,5
7rWgGyRK7RAqAAXy4bLft9,ABBA,Angeleyes,204,4
7rWgGyRK7RAqAAXy4bLft9,ABBA,Angeleyes,80,5
7rWgGyRK7RAqAAXy4bLft9,ABBA,Angeleyes,4,2
7rWgGyRK7RAqAAXy4bLft9,ABBA,Angeleyes,55,5
7rWgGyRK7RAqAAXy4bLft9,ABBA,Angeleyes,46,1
7rWgGyRK7RAqAAXy4bLft9,ABBA,Angeleyes,28,3
7rWgGyRK7RAqAAXy4bLft9,ABBA,Angeleyes,75,4
7rWgGyRK7RAqAAXy4bLft9,ABBA,Angeleyes,69,4
7rWgGyRK7RAqAAXy4bLft9,ABBA,Angeleyes,252,3
7rWgGyRK7RAqAAXy4bLft9,ABBA,Angeleyes,25,1
7rWgGyRK7RAqAAXy4bLft9,ABBA,Angeleyes,42,4
7rWgGyRK7RAqAAXy4bLft9,ABBA,Angeleyes,91,4
7rWgGyRK7RAqAAXy4bLft9,ABBA,Angeleyes,164,4
7rWgGyRK7RAqAAXy4bLft9,ABBA,Angeleyes,196,3
7rWgGyRK7RAqAAXy4bLft9,ABBA,Angeleyes,66,4
4pFC6tuWErxbO61oFFq3BQ,Cannibal Corpse,Hammer Smashed Face,204,5
4pFC6tuWErxbO61oFFq3BQ,Cannibal Corpse,Hammer Smashed Face,78,1
4pFC6tuWErxbO61oFFq3BQ,Cannibal Corpse,Hammer Smashed Face,28,4
4pFC6tuWErxbO61oFFq3BQ,Cannibal Corpse,Hammer Smashed Face,115,5
4pFC6tuWErxbO61oFFq3BQ,Cannibal Corpse,Hammer Smashed Face,143,2
4pFC6tuWErxbO61oFFq3BQ,Cannibal Corpse,Hammer Smashed Face,263,5
4pFC6tuWErxbO61oFFq3BQ,Cannibal Corpse,Hammer Smashed Face,38,5
4pFC6tuWErxbO61oFFq3BQ,Cannibal Corpse,Hammer Smashed Face,25,1
4pFC6tuWErxbO61oFFq3BQ,Cannibal Corpse,Hammer Smashed Face,91,4
4pFC6tuWErxbO61oFFq3BQ,Cannibal Corpse,Hammer Smashed Face,222,3
36Hwcla06Q5BCr59CL0sBp,50 Cent,Ayo Technology,231,5
0IpnZchq8ek2A6pGEP2Qb1,Lil uzi vert,Bean(Kobe),198,5
0IpnZchq8ek2A6pGEP2Qb1,Lil uzi vert,Bean(Kobe),40,4
0IpnZchq8ek2A6pGEP2Qb1,Lil uzi vert,Bean(Kobe),251,5
0IpnZchq8ek2A6pGEP2Qb1,Lil uzi vert,Bean(Kobe),66,3
3FrX3mx8qq7SZX2NYbzDoj,Rihanna,Who's that Chick,197,4
3FrX3mx8qq7SZX2NYbzDoj,Rihanna,Who's that Chick,190,5
3FrX3mx8qq7SZX2NYbzDoj,Rihanna,Who's that Chick,182,5
3FrX3mx8qq7SZX2NYbzDoj,Rihanna,Who's that Chick,66,3
4fcph6RouOjfjCbi3zbPdh,Nobuo Uematsu,Birth of a God,70,4
4fcph6RouOjfjCbi3zbPdh,Nobuo Uematsu,Birth of a God,110,1
4fcph6RouOjfjCbi3zbPdh,Nobuo Uematsu,Birth of a God,193,3
4fcph6RouOjfjCbi3zbPdh,Nobuo Uematsu,Birth of a God,152,5
4fcph6RouOjfjCbi3zbPdh,Nobuo Uematsu,Birth of a God,169,5
4fcph6RouOjfjCbi3zbPdh,Nobuo Uematsu,Birth of a God,177,3
3E1BkJEsRK7VsSNzijilGm,Eminem,Evil Twin,185,4
3E1BkJEsRK7VsSNzijilGm,Eminem,Evil Twin,164,4
3E1BkJEsRK7VsSNzijilGm,Eminem,Evil Twin,66,3
6UkGl2XEw0zticxJugwkq5,RajahWild,Wild Out,214,5
6UkGl2XEw0zticxJugwkq5,RajahWild,Wild Out,28,4
6UkGl2XEw0zticxJugwkq5,RajahWild,Wild Out,61,3
6UkGl2XEw0zticxJugwkq5,RajahWild,Wild Out,76,3
6UkGl2XEw0zticxJugwkq5,RajahWild,Wild Out,263,5
6UkGl2XEw0zticxJugwkq5,RajahWild,Wild Out,33,4
6UkGl2XEw0zticxJugwkq5,RajahWild,Wild Out,25,1
6UkGl2XEw0zticxJugwkq5,RajahWild,Wild Out,2,1
6UkGl2XEw0zticxJugwkq5,RajahWild,Wild Out,42,5
6UkGl2XEw0zticxJugwkq5,RajahWild,Wild Out,165,1
6UkGl2XEw0zticxJugwkq5,RajahWild,Wild Out,219,4
6UkGl2XEw0zticxJugwkq5,RajahWild,Wild Out,246,1
6UkGl2XEw0zticxJugwkq5,RajahWild,Wild Out,164,2
6UkGl2XEw0zticxJugwkq5,RajahWild,Wild Out,177,4
2H7YEDDvGfP0diMJRivCMc,徒有琴,独坐幽篁,22,5
2H7YEDDvGfP0diMJRivCMc,徒有琴,独坐幽篁,162,3
2H7YEDDvGfP0diMJRivCMc,徒有琴,独坐幽篁,82,3
2H7YEDDvGfP0diMJRivCMc,徒有琴,独坐幽篁,251,1
4KW1lqgSr8TKrvBII0Brf8,Kayne West,Father Stretch My Hands Pt.1,235,3
4KW1lqgSr8TKrvBII0Brf8,Kayne West,Father Stretch My Hands Pt.1,45,4
4KW1lqgSr8TKrvBII0Brf8,Kayne West,Father Stretch My Hands Pt.1,90,5
4KW1lqgSr8TKrvBII0Brf8,Kayne West,Father Stretch My Hands Pt.1,71,5
4KW1lqgSr8TKrvBII0Brf8,Kayne West,Father Stretch My Hands Pt.1,160,5
4KW1lqgSr8TKrvBII0Brf8,Kayne West,Father Stretch My Hands Pt.1,150,5
74pqVIOUEHOssVXbrg9Ahm,Uncle Acid &amp; The Deadbeats,Over and Over Again,116,5
74pqVIOUEHOssVXbrg9Ahm,Uncle Acid &amp; The Deadbeats,Over and Over Again,66,3
6Vbjorcio1Nox0DJgKJNLW,Carcass,Corporal Jigsore Quandary,91,5
6Vbjorcio1Nox0DJgKJNLW,Carcass,Corporal Jigsore Quandary,219,3
6Vbjorcio1Nox0DJgKJNLW,Carcass,Corporal Jigsore Quandary,226,2
31RIphTQ9y4zStkH5xRWgW,周杰伦,一路向北,28,5
31RIphTQ9y4zStkH5xRWgW,周杰伦,一路向北,164,4
31RIphTQ9y4zStkH5xRWgW,周杰伦,一路向北,66,3
38VjywCAy5pdmaecwzXj30,DaJakey,Experience,11,5
38VjywCAy5pdmaecwzXj30,DaJakey,Experience,202,2
38VjywCAy5pdmaecwzXj30,DaJakey,Experience,66,3
1Is8hGpkGMiePASAxBluxM,Baby Keem,16,4,5
1Is8hGpkGMiePASAxBluxM,Baby Keem,16,67,5
1Is8hGpkGMiePASAxBluxM,Baby Keem,16,47,5
1Is8hGpkGMiePASAxBluxM,Baby Keem,16,263,5
1Is8hGpkGMiePASAxBluxM,Baby Keem,16,113,5
1Is8hGpkGMiePASAxBluxM,Baby Keem,16,25,1
1Is8hGpkGMiePASAxBluxM,Baby Keem,16,28,1
1Is8hGpkGMiePASAxBluxM,Baby Keem,16,40,5
1Is8hGpkGMiePASAxBluxM,Baby Keem,16,253,4
1Is8hGpkGMiePASAxBluxM,Baby Keem,16,165,5
1Is8hGpkGMiePASAxBluxM,Baby Keem,16,146,3
1Is8hGpkGMiePASAxBluxM,Baby Keem,16,86,5
1Is8hGpkGMiePASAxBluxM,Baby Keem,16,48,5
1Is8hGpkGMiePASAxBluxM,Baby Keem,16,254,5
1Is8hGpkGMiePASAxBluxM,Baby Keem,16,66,3
4rHZZAmHpZrA3iH5zx8frV,Justin Timberlake ,Mirrors,176,5
4rHZZAmHpZrA3iH5zx8frV,Justin Timberlake ,Mirrors,43,5
4rHZZAmHpZrA3iH5zx8frV,Justin Timberlake ,Mirrors,144,4
17vXKhOq1aDVoHqm375fKq,Tally Hall,Mucka Blucka (Bonus Track),80,5
17vXKhOq1aDVoHqm375fKq,Tally Hall,Mucka Blucka (Bonus Track),204,1
17vXKhOq1aDVoHqm375fKq,Tally Hall,Mucka Blucka (Bonus Track),4,2
17vXKhOq1aDVoHqm375fKq,Tally Hall,Mucka Blucka (Bonus Track),55,3
17vXKhOq1aDVoHqm375fKq,Tally Hall,Mucka Blucka (Bonus Track),57,1
17vXKhOq1aDVoHqm375fKq,Tally Hall,Mucka Blucka (Bonus Track),32,1
17vXKhOq1aDVoHqm375fKq,Tally Hall,Mucka Blucka (Bonus Track),28,1
17vXKhOq1aDVoHqm375fKq,Tally Hall,Mucka Blucka (Bonus Track),25,1
17vXKhOq1aDVoHqm375fKq,Tally Hall,Mucka Blucka (Bonus Track),153,4
17vXKhOq1aDVoHqm375fKq,Tally Hall,Mucka Blucka (Bonus Track),42,3
17vXKhOq1aDVoHqm375fKq,Tally Hall,Mucka Blucka (Bonus Track),246,1
17vXKhOq1aDVoHqm375fKq,Tally Hall,Mucka Blucka (Bonus Track),226,4
17vXKhOq1aDVoHqm375fKq,Tally Hall,Mucka Blucka (Bonus Track),66,3
6u5flhVFxKZrl9AApvf2SL,*NSYNC,Girlfriend,222,3
6u5flhVFxKZrl9AApvf2SL,*NSYNC,Girlfriend,177,3
46wojTgyEs6lbgaWB6yIuz,Mac Miller,Knock Knock,60,5
46wojTgyEs6lbgaWB6yIuz,Mac Miller,Knock Knock,66,3
3Z8MtqXPuviYvYpJHUR3PJ,deaf kev,samurai,146,5
3Z8MtqXPuviYvYpJHUR3PJ,deaf kev,samurai,155,4
3Z8MtqXPuviYvYpJHUR3PJ,deaf kev,samurai,45,2
1FpVJ7HpZInE2GvhVE2TwT,League of Legends,Legends Never Die,2,4
1FpVJ7HpZInE2GvhVE2TwT,League of Legends,Legends Never Die,134,4
1FpVJ7HpZInE2GvhVE2TwT,League of Legends,Legends Never Die,163,3
1FpVJ7HpZInE2GvhVE2TwT,League of Legends,Legends Never Die,173,4
1FpVJ7HpZInE2GvhVE2TwT,League of Legends,Legends Never Die,249,5
1FpVJ7HpZInE2GvhVE2TwT,League of Legends,Legends Never Die,213,5
1FpVJ7HpZInE2GvhVE2TwT,League of Legends,Legends Never Die,219,5
1FpVJ7HpZInE2GvhVE2TwT,League of Legends,Legends Never Die,210,4
1FpVJ7HpZInE2GvhVE2TwT,League of Legends,Legends Never Die,100,3
1FpVJ7HpZInE2GvhVE2TwT,League of Legends,Legends Never Die,76,5
1FpVJ7HpZInE2GvhVE2TwT,League of Legends,Legends Never Die,94,5
1FpVJ7HpZInE2GvhVE2TwT,League of Legends,Legends Never Die,150,1
6JdqrRn6XWk9e5ZcicCmtm,王贰浪,把回忆拼好给你,13,5
6JdqrRn6XWk9e5ZcicCmtm,王贰浪,把回忆拼好给你,196,3
6JdqrRn6XWk9e5ZcicCmtm,王贰浪,把回忆拼好给你,50,3
6JdqrRn6XWk9e5ZcicCmtm,王贰浪,把回忆拼好给你,28,1
67nepsnrcZkowTxMWigSbb,Travis Scott,MELTDOWN,21,5
67nepsnrcZkowTxMWigSbb,Travis Scott,MELTDOWN,48,5
67nepsnrcZkowTxMWigSbb,Travis Scott,MELTDOWN,43,5
67nepsnrcZkowTxMWigSbb,Travis Scott,MELTDOWN,251,5
67nepsnrcZkowTxMWigSbb,Travis Scott,MELTDOWN,254,5
67nepsnrcZkowTxMWigSbb,Travis Scott,MELTDOWN,41,4
67nepsnrcZkowTxMWigSbb,Travis Scott,MELTDOWN,230,5
4qG7hWhljsqqENL5PaLA2z,Lana Del Rey,Let the Light In,43,5
4qG7hWhljsqqENL5PaLA2z,Lana Del Rey,Let the Light In,17,5
4qG7hWhljsqqENL5PaLA2z,Lana Del Rey,Let the Light In,215,3
5dewQ7ojISR32NAYNHFYWC,Chase Atlantic,HEAVEN AND BACK,163,4
5dewQ7ojISR32NAYNHFYWC,Chase Atlantic,HEAVEN AND BACK,133,5
5dewQ7ojISR32NAYNHFYWC,Chase Atlantic,HEAVEN AND BACK,196,3
5dewQ7ojISR32NAYNHFYWC,Chase Atlantic,HEAVEN AND BACK,255,3
5dewQ7ojISR32NAYNHFYWC,Chase Atlantic,HEAVEN AND BACK,199,3
5dewQ7ojISR32NAYNHFYWC,Chase Atlantic,HEAVEN AND BACK,66,3
3ZOEytgrvLwQaqXreDs2Jx,Red Hot Chili Peppers,Can't Stop,30,5
3ZOEytgrvLwQaqXreDs2Jx,Red Hot Chili Peppers,Can't Stop,204,5
3ZOEytgrvLwQaqXreDs2Jx,Red Hot Chili Peppers,Can't Stop,4,5
3ZOEytgrvLwQaqXreDs2Jx,Red Hot Chili Peppers,Can't Stop,76,5
3ZOEytgrvLwQaqXreDs2Jx,Red Hot Chili Peppers,Can't Stop,55,3
3ZOEytgrvLwQaqXreDs2Jx,Red Hot Chili Peppers,Can't Stop,95,4
3ZOEytgrvLwQaqXreDs2Jx,Red Hot Chili Peppers,Can't Stop,12,5
3ZOEytgrvLwQaqXreDs2Jx,Red Hot Chili Peppers,Can't Stop,152,4
3ZOEytgrvLwQaqXreDs2Jx,Red Hot Chili Peppers,Can't Stop,33,3
3ZOEytgrvLwQaqXreDs2Jx,Red Hot Chili Peppers,Can't Stop,38,4
3ZOEytgrvLwQaqXreDs2Jx,Red Hot Chili Peppers,Can't Stop,28,1
3ZOEytgrvLwQaqXreDs2Jx,Red Hot Chili Peppers,Can't Stop,25,1
3ZOEytgrvLwQaqXreDs2Jx,Red Hot Chili Peppers,Can't Stop,20,4
3ZOEytgrvLwQaqXreDs2Jx,Red Hot Chili Peppers,Can't Stop,260,5
3ZOEytgrvLwQaqXreDs2Jx,Red Hot Chili Peppers,Can't Stop,182,5
3ZOEytgrvLwQaqXreDs2Jx,Red Hot Chili Peppers,Can't Stop,86,5
3DK6m7It6Pw857FcQftMds,Kanye West,Runaway,6,5
3DK6m7It6Pw857FcQftMds,Kanye West,Runaway,264,5
3DK6m7It6Pw857FcQftMds,Kanye West,Runaway,4,4
3DK6m7It6Pw857FcQftMds,Kanye West,Runaway,108,3
3DK6m7It6Pw857FcQftMds,Kanye West,Runaway,57,5
3DK6m7It6Pw857FcQftMds,Kanye West,Runaway,46,5
3DK6m7It6Pw857FcQftMds,Kanye West,Runaway,113,5
3DK6m7It6Pw857FcQftMds,Kanye West,Runaway,97,1
3DK6m7It6Pw857FcQftMds,Kanye West,Runaway,103,5
3DK6m7It6Pw857FcQftMds,Kanye West,Runaway,69,4
3DK6m7It6Pw857FcQftMds,Kanye West,Runaway,110,5
3DK6m7It6Pw857FcQftMds,Kanye West,Runaway,45,5
3DK6m7It6Pw857FcQftMds,Kanye West,Runaway,29,4
3DK6m7It6Pw857FcQftMds,Kanye West,Runaway,28,1
3DK6m7It6Pw857FcQftMds,Kanye West,Runaway,25,1
3DK6m7It6Pw857FcQftMds,Kanye West,Runaway,135,4
3DK6m7It6Pw857FcQftMds,Kanye West,Runaway,160,5
3DK6m7It6Pw857FcQftMds,Kanye West,Runaway,20,4
3DK6m7It6Pw857FcQftMds,Kanye West,Runaway,49,4
3DK6m7It6Pw857FcQftMds,Kanye West,Runaway,34,4
3DK6m7It6Pw857FcQftMds,Kanye West,Runaway,213,5
3DK6m7It6Pw857FcQftMds,Kanye West,Runaway,40,4
3DK6m7It6Pw857FcQftMds,Kanye West,Runaway,127,4
3DK6m7It6Pw857FcQftMds,Kanye West,Runaway,58,5
3DK6m7It6Pw857FcQftMds,Kanye West,Runaway,41,5
3DK6m7It6Pw857FcQftMds,Kanye West,Runaway,215,5
3DK6m7It6Pw857FcQftMds,Kanye West,Runaway,164,3
3DK6m7It6Pw857FcQftMds,Kanye West,Runaway,66,3
6Ius4TC0L3cN74HT7ENE6e,J. Cole,Wet Dreamz,175,5
6Ius4TC0L3cN74HT7ENE6e,J. Cole,Wet Dreamz,144,4
6Ius4TC0L3cN74HT7ENE6e,J. Cole,Wet Dreamz,66,3
6Ius4TC0L3cN74HT7ENE6e,J. Cole,Wet Dreamz,86,5
6d9nyriCuTgt0Zpub8XLbc,All That Jazz,Country Road,44,5
6d9nyriCuTgt0Zpub8XLbc,All That Jazz,Country Road,202,2
6d9nyriCuTgt0Zpub8XLbc,All That Jazz,Country Road,258,2
6d9nyriCuTgt0Zpub8XLbc,All That Jazz,Country Road,179,5
6d9nyriCuTgt0Zpub8XLbc,All That Jazz,Country Road,219,3
6d9nyriCuTgt0Zpub8XLbc,All That Jazz,Country Road,48,1
6d9nyriCuTgt0Zpub8XLbc,All That Jazz,Country Road,183,5
08v6GcxD4gF8aZ1yuPry0A,Fall Out Boy,Love From The Other Side,100,5
4h9wh7iOZ0GGn8QVp4RAOB,OneRepublic,I Ain't Worried,0,4
4h9wh7iOZ0GGn8QVp4RAOB,OneRepublic,I Ain't Worried,159,2
4h9wh7iOZ0GGn8QVp4RAOB,OneRepublic,I Ain't Worried,59,3
4h9wh7iOZ0GGn8QVp4RAOB,OneRepublic,I Ain't Worried,176,1
4h9wh7iOZ0GGn8QVp4RAOB,OneRepublic,I Ain't Worried,264,1
4h9wh7iOZ0GGn8QVp4RAOB,OneRepublic,I Ain't Worried,28,3
4h9wh7iOZ0GGn8QVp4RAOB,OneRepublic,I Ain't Worried,61,3
4h9wh7iOZ0GGn8QVp4RAOB,OneRepublic,I Ain't Worried,47,5
4h9wh7iOZ0GGn8QVp4RAOB,OneRepublic,I Ain't Worried,204,4
4h9wh7iOZ0GGn8QVp4RAOB,OneRepublic,I Ain't Worried,4,5
4h9wh7iOZ0GGn8QVp4RAOB,OneRepublic,I Ain't Worried,108,5
4h9wh7iOZ0GGn8QVp4RAOB,OneRepublic,I Ain't Worried,57,5
4h9wh7iOZ0GGn8QVp4RAOB,OneRepublic,I Ain't Worried,184,4
4h9wh7iOZ0GGn8QVp4RAOB,OneRepublic,I Ain't Worried,97,4
4h9wh7iOZ0GGn8QVp4RAOB,OneRepublic,I Ain't Worried,152,5
4h9wh7iOZ0GGn8QVp4RAOB,OneRepublic,I Ain't Worried,113,3
4h9wh7iOZ0GGn8QVp4RAOB,OneRepublic,I Ain't Worried,168,3
4h9wh7iOZ0GGn8QVp4RAOB,OneRepublic,I Ain't Worried,25,1
4h9wh7iOZ0GGn8QVp4RAOB,OneRepublic,I Ain't Worried,13,3
4h9wh7iOZ0GGn8QVp4RAOB,OneRepublic,I Ain't Worried,162,4
4h9wh7iOZ0GGn8QVp4RAOB,OneRepublic,I Ain't Worried,228,5
4h9wh7iOZ0GGn8QVp4RAOB,OneRepublic,I Ain't Worried,164,3
51pshtuYkgUQnt5huMPbKL,Mac Miller,The Spins,235,4
51pshtuYkgUQnt5huMPbKL,Mac Miller,The Spins,94,3
51pshtuYkgUQnt5huMPbKL,Mac Miller,The Spins,90,1
51pshtuYkgUQnt5huMPbKL,Mac Miller,The Spins,71,4
51pshtuYkgUQnt5huMPbKL,Mac Miller,The Spins,258,5
51pshtuYkgUQnt5huMPbKL,Mac Miller,The Spins,160,5
51pshtuYkgUQnt5huMPbKL,Mac Miller,The Spins,179,4
51pshtuYkgUQnt5huMPbKL,Mac Miller,The Spins,255,5
51pshtuYkgUQnt5huMPbKL,Mac Miller,The Spins,48,5
51pshtuYkgUQnt5huMPbKL,Mac Miller,The Spins,251,5
51pshtuYkgUQnt5huMPbKL,Mac Miller,The Spins,230,5
26twkVhzkT9nE1HiE6VAsv,Action Bronson,Sergio,20,5
26twkVhzkT9nE1HiE6VAsv,Action Bronson,Sergio,42,4
26twkVhzkT9nE1HiE6VAsv,Action Bronson,Sergio,116,4
7MfDVWYoADkyGNbs8YqsYo,Sdot Go,WNA,239,5
7MfDVWYoADkyGNbs8YqsYo,Sdot Go,WNA,231,5
7MfDVWYoADkyGNbs8YqsYo,Sdot Go,WNA,192,3
7MfDVWYoADkyGNbs8YqsYo,Sdot Go,WNA,6,1
7MfDVWYoADkyGNbs8YqsYo,Sdot Go,WNA,164,2
5JYPXqMwYc0zTODQdjMEZN,Ice Spice,Deli,43,5
5JYPXqMwYc0zTODQdjMEZN,Ice Spice,Deli,186,5
5JYPXqMwYc0zTODQdjMEZN,Ice Spice,Deli,108,5
5JYPXqMwYc0zTODQdjMEZN,Ice Spice,Deli,164,4
5JYPXqMwYc0zTODQdjMEZN,Ice Spice,Deli,66,3
2a1o6ZejUi8U3wzzOtCOYw,Don Omar,Danza Kuduro,215,5
0NWMPu3EzbUr0VBi0tIVGB,Daniel Caesar,Toronto 2014 (with Mustafa),17,5
0NWMPu3EzbUr0VBi0tIVGB,Daniel Caesar,Toronto 2014 (with Mustafa),3,4
0NWMPu3EzbUr0VBi0tIVGB,Daniel Caesar,Toronto 2014 (with Mustafa),28,1
0NWMPu3EzbUr0VBi0tIVGB,Daniel Caesar,Toronto 2014 (with Mustafa),41,5
7KXjTSCq5nL1LoYtL7XAwS,Kendrick Lamar,HUMBLE.,169,5
7KXjTSCq5nL1LoYtL7XAwS,Kendrick Lamar,HUMBLE.,214,5
7KXjTSCq5nL1LoYtL7XAwS,Kendrick Lamar,HUMBLE.,48,2
7KXjTSCq5nL1LoYtL7XAwS,Kendrick Lamar,HUMBLE.,199,4
2HbKqm4o0w5wEeEFXm2sD4,Kendrick Lamar,money trees,19,5
2HbKqm4o0w5wEeEFXm2sD4,Kendrick Lamar,money trees,66,3
2HbKqm4o0w5wEeEFXm2sD4,Kendrick Lamar,money trees,150,4
2ej1A2Ze6P2EOW7KfIosZR,nujabes,feather,28,5
2ej1A2Ze6P2EOW7KfIosZR,nujabes,feather,61,3
2ej1A2Ze6P2EOW7KfIosZR,nujabes,feather,160,4
2ej1A2Ze6P2EOW7KfIosZR,nujabes,feather,204,4
2ej1A2Ze6P2EOW7KfIosZR,nujabes,feather,55,4
2ej1A2Ze6P2EOW7KfIosZR,nujabes,feather,25,1
2ej1A2Ze6P2EOW7KfIosZR,nujabes,feather,94,4
2ej1A2Ze6P2EOW7KfIosZR,nujabes,feather,91,4
4DMKwE2E2iYDKY01C335Uw,Kansas,Carry On Wayward Son,116,5
4DMKwE2E2iYDKY01C335Uw,Kansas,Carry On Wayward Son,91,4
4DMKwE2E2iYDKY01C335Uw,Kansas,Carry On Wayward Son,48,4
2s1sdSqGcKxpPr5lCl7jAV,Sia,Chandelier,59,4
2s1sdSqGcKxpPr5lCl7jAV,Sia,Chandelier,176,2
2s1sdSqGcKxpPr5lCl7jAV,Sia,Chandelier,264,3
2s1sdSqGcKxpPr5lCl7jAV,Sia,Chandelier,112,5
2s1sdSqGcKxpPr5lCl7jAV,Sia,Chandelier,28,4
2s1sdSqGcKxpPr5lCl7jAV,Sia,Chandelier,61,3
2s1sdSqGcKxpPr5lCl7jAV,Sia,Chandelier,204,4
2s1sdSqGcKxpPr5lCl7jAV,Sia,Chandelier,4,2
2s1sdSqGcKxpPr5lCl7jAV,Sia,Chandelier,55,3
2s1sdSqGcKxpPr5lCl7jAV,Sia,Chandelier,30,4
2s1sdSqGcKxpPr5lCl7jAV,Sia,Chandelier,57,4
2s1sdSqGcKxpPr5lCl7jAV,Sia,Chandelier,24,4
2s1sdSqGcKxpPr5lCl7jAV,Sia,Chandelier,18,2
2s1sdSqGcKxpPr5lCl7jAV,Sia,Chandelier,46,1
2s1sdSqGcKxpPr5lCl7jAV,Sia,Chandelier,36,5
2s1sdSqGcKxpPr5lCl7jAV,Sia,Chandelier,168,2
2s1sdSqGcKxpPr5lCl7jAV,Sia,Chandelier,25,1
2s1sdSqGcKxpPr5lCl7jAV,Sia,Chandelier,53,2
2s1sdSqGcKxpPr5lCl7jAV,Sia,Chandelier,193,5
2s1sdSqGcKxpPr5lCl7jAV,Sia,Chandelier,163,5
2s1sdSqGcKxpPr5lCl7jAV,Sia,Chandelier,13,5
2s1sdSqGcKxpPr5lCl7jAV,Sia,Chandelier,21,3
2s1sdSqGcKxpPr5lCl7jAV,Sia,Chandelier,219,2
2s1sdSqGcKxpPr5lCl7jAV,Sia,Chandelier,196,2
2s1sdSqGcKxpPr5lCl7jAV,Sia,Chandelier,86,5
2s1sdSqGcKxpPr5lCl7jAV,Sia,Chandelier,48,1
2s1sdSqGcKxpPr5lCl7jAV,Sia,Chandelier,130,5
2s1sdSqGcKxpPr5lCl7jAV,Sia,Chandelier,187,5
2s1sdSqGcKxpPr5lCl7jAV,Sia,Chandelier,100,2
2s1sdSqGcKxpPr5lCl7jAV,Sia,Chandelier,63,5
2s1sdSqGcKxpPr5lCl7jAV,Sia,Chandelier,47,3
2s1sdSqGcKxpPr5lCl7jAV,Sia,Chandelier,215,3
2s1sdSqGcKxpPr5lCl7jAV,Sia,Chandelier,199,5
2s1sdSqGcKxpPr5lCl7jAV,Sia,Chandelier,66,3
2KslE17cAJNHTsI2MI0jb2,Jung Kook,Standing Next To You,63,5
2KslE17cAJNHTsI2MI0jb2,Jung Kook,Standing Next To You,206,1
2KslE17cAJNHTsI2MI0jb2,Jung Kook,Standing Next To You,164,2
2KslE17cAJNHTsI2MI0jb2,Jung Kook,Standing Next To You,66,3
2v3hw60laqNnrNM7KFyX19,Children of Bodom,Downfall,91,5
2v3hw60laqNnrNM7KFyX19,Children of Bodom,Downfall,252,3
2v3hw60laqNnrNM7KFyX19,Children of Bodom,Downfall,125,5
2v3hw60laqNnrNM7KFyX19,Children of Bodom,Downfall,50,3
2v3hw60laqNnrNM7KFyX19,Children of Bodom,Downfall,66,3
1x075F39Q0zOhjPzPKgG8E,50 Cent,Baby By Me,231,5
1x075F39Q0zOhjPzPKgG8E,50 Cent,Baby By Me,251,3
1x075F39Q0zOhjPzPKgG8E,50 Cent,Baby By Me,50,3
1x075F39Q0zOhjPzPKgG8E,50 Cent,Baby By Me,164,1
1x075F39Q0zOhjPzPKgG8E,50 Cent,Baby By Me,66,3
1Ist6PR2BZR3n2z2Y5R6S1,lana del rey,summertime sadness,154,5
1Ist6PR2BZR3n2z2Y5R6S1,lana del rey,summertime sadness,40,5
1Ist6PR2BZR3n2z2Y5R6S1,lana del rey,summertime sadness,144,3
1Ist6PR2BZR3n2z2Y5R6S1,lana del rey,summertime sadness,43,5
1Ist6PR2BZR3n2z2Y5R6S1,lana del rey,summertime sadness,215,5
5oVBCcGv1EX2foIs6X6GRw,Jey One,Onana,198,5
5oVBCcGv1EX2foIs6X6GRw,Jey One,Onana,6,1
5oVBCcGv1EX2foIs6X6GRw,Jey One,Onana,177,5
2BJSMvOGABRxokHKB0OI8i,Playboi Carti,Shoota,175,5
2BJSMvOGABRxokHKB0OI8i,Playboi Carti,Shoota,187,5
2BJSMvOGABRxokHKB0OI8i,Playboi Carti,Shoota,40,5
w4OjhAm6SgK0JWBmu5o14g,Queen,Bohemian Rhapsody,52,5
w4OjhAm6SgK0JWBmu5o14g,Queen,Bohemian Rhapsody,133,5
w4OjhAm6SgK0JWBmu5o14g,Queen,Bohemian Rhapsody,165,5
w4OjhAm6SgK0JWBmu5o14g,Queen,Bohemian Rhapsody,213,5
w4OjhAm6SgK0JWBmu5o14g,Queen,Bohemian Rhapsody,249,1
w4OjhAm6SgK0JWBmu5o14g,Queen,Bohemian Rhapsody,240,5
w4OjhAm6SgK0JWBmu5o14g,Queen,Bohemian Rhapsody,171,4
w4OjhAm6SgK0JWBmu5o14g,Queen,Bohemian Rhapsody,222,5
w4OjhAm6SgK0JWBmu5o14g,Queen,Bohemian Rhapsody,255,5
w4OjhAm6SgK0JWBmu5o14g,Queen,Bohemian Rhapsody,130,3
w4OjhAm6SgK0JWBmu5o14g,Queen,Bohemian Rhapsody,6,1
w4OjhAm6SgK0JWBmu5o14g,Queen,Bohemian Rhapsody,66,3
w4OjhAm6SgK0JWBmu5o14g,Queen,Bohemian Rhapsody,91,5
59HjlYCeBsxdI0fcm3zglw,Taylor Swift,Wildest Dreams,87,5
59HjlYCeBsxdI0fcm3zglw,Taylor Swift,Wildest Dreams,247,4
59HjlYCeBsxdI0fcm3zglw,Taylor Swift,Wildest Dreams,165,5
59HjlYCeBsxdI0fcm3zglw,Taylor Swift,Wildest Dreams,244,4
59HjlYCeBsxdI0fcm3zglw,Taylor Swift,Wildest Dreams,255,1
59HjlYCeBsxdI0fcm3zglw,Taylor Swift,Wildest Dreams,228,4
59HjlYCeBsxdI0fcm3zglw,Taylor Swift,Wildest Dreams,166,4
59HjlYCeBsxdI0fcm3zglw,Taylor Swift,Wildest Dreams,100,4
59HjlYCeBsxdI0fcm3zglw,Taylor Swift,Wildest Dreams,154,1
59HjlYCeBsxdI0fcm3zglw,Taylor Swift,Wildest Dreams,43,5
59HjlYCeBsxdI0fcm3zglw,Taylor Swift,Wildest Dreams,3,3
59HjlYCeBsxdI0fcm3zglw,Taylor Swift,Wildest Dreams,66,3
32fmwlkq7srmOAb5N0vdyj,RSCL,Echo,153,3
32fmwlkq7srmOAb5N0vdyj,RSCL,Echo,169,5
32fmwlkq7srmOAb5N0vdyj,RSCL,Echo,182,5
32fmwlkq7srmOAb5N0vdyj,RSCL,Echo,38,2
32fmwlkq7srmOAb5N0vdyj,RSCL,Echo,66,4
0avjVeujL8PYfm8tKKszLH,Eminem,Ass Like That,202,5
0avjVeujL8PYfm8tKKszLH,Eminem,Ass Like That,91,1
0avjVeujL8PYfm8tKKszLH,Eminem,Ass Like That,190,5
0avjVeujL8PYfm8tKKszLH,Eminem,Ass Like That,169,5
0avjVeujL8PYfm8tKKszLH,Eminem,Ass Like That,73,3
2IyFmMy64j6r68zFSqFVLj,蓝心羽,小宇,13,5
2IyFmMy64j6r68zFSqFVLj,蓝心羽,小宇,226,3
2IyFmMy64j6r68zFSqFVLj,蓝心羽,小宇,28,1
6S8BCiVrtzm5TEOnjyyCfJ,Enhypen,Criminal Love,163,5
6S8BCiVrtzm5TEOnjyyCfJ,Enhypen,Criminal Love,240,5
6S8BCiVrtzm5TEOnjyyCfJ,Enhypen,Criminal Love,171,4
6S8BCiVrtzm5TEOnjyyCfJ,Enhypen,Criminal Love,251,5
6S8BCiVrtzm5TEOnjyyCfJ,Enhypen,Criminal Love,28,1
5iqwTdNpHSMEj8KkkCBllY,Wael Gassar,Khalina Zekra,63,5
5iqwTdNpHSMEj8KkkCBllY,Wael Gassar,Khalina Zekra,58,5
5iqwTdNpHSMEj8KkkCBllY,Wael Gassar,Khalina Zekra,164,1
5iqwTdNpHSMEj8KkkCBllY,Wael Gassar,Khalina Zekra,66,3
2nAZibb7kaMAb1bAsB3KFs,Angra,Angels Cry,91,5
2nAZibb7kaMAb1bAsB3KFs,Angra,Angels Cry,14,3
2nAZibb7kaMAb1bAsB3KFs,Angra,Angels Cry,266,2
2nAZibb7kaMAb1bAsB3KFs,Angra,Angels Cry,182,5
7q3q0x8ia0fnwnkJO4Sz6Z,Demolition Hammer,Gelid Remains,204,5
7q3q0x8ia0fnwnkJO4Sz6Z,Demolition Hammer,Gelid Remains,76,3
7q3q0x8ia0fnwnkJO4Sz6Z,Demolition Hammer,Gelid Remains,242,5
7q3q0x8ia0fnwnkJO4Sz6Z,Demolition Hammer,Gelid Remains,28,4
7q3q0x8ia0fnwnkJO4Sz6Z,Demolition Hammer,Gelid Remains,151,3
7q3q0x8ia0fnwnkJO4Sz6Z,Demolition Hammer,Gelid Remains,33,3
7q3q0x8ia0fnwnkJO4Sz6Z,Demolition Hammer,Gelid Remains,25,1
7q3q0x8ia0fnwnkJO4Sz6Z,Demolition Hammer,Gelid Remains,91,4
7q3q0x8ia0fnwnkJO4Sz6Z,Demolition Hammer,Gelid Remains,169,5
7q3q0x8ia0fnwnkJO4Sz6Z,Demolition Hammer,Gelid Remains,66,4
2wSTnntOPRi7aQneobFtU4,SZA,Shirt,90,5
2wSTnntOPRi7aQneobFtU4,SZA,Shirt,49,5
2wSTnntOPRi7aQneobFtU4,SZA,Shirt,231,4
2wSTnntOPRi7aQneobFtU4,SZA,Shirt,17,4
2wSTnntOPRi7aQneobFtU4,SZA,Shirt,187,5
2wSTnntOPRi7aQneobFtU4,SZA,Shirt,154,3
2wSTnntOPRi7aQneobFtU4,SZA,Shirt,66,3
2zGaY3iWYTHjgpSLC0wqdx,Udit Narayan,Laal Dupatta,192,4
2zGaY3iWYTHjgpSLC0wqdx,Udit Narayan,Laal Dupatta,3,5
2zGaY3iWYTHjgpSLC0wqdx,Udit Narayan,Laal Dupatta,66,3
7rqaqQurHzR5xHAhdm1gmM,The Chicks,Goodbye Earl,61,5
7rqaqQurHzR5xHAhdm1gmM,The Chicks,Goodbye Earl,206,5
7rqaqQurHzR5xHAhdm1gmM,The Chicks,Goodbye Earl,204,4
7rqaqQurHzR5xHAhdm1gmM,The Chicks,Goodbye Earl,55,4
7rqaqQurHzR5xHAhdm1gmM,The Chicks,Goodbye Earl,77,4
7rqaqQurHzR5xHAhdm1gmM,The Chicks,Goodbye Earl,32,4
7rqaqQurHzR5xHAhdm1gmM,The Chicks,Goodbye Earl,28,1
7rqaqQurHzR5xHAhdm1gmM,The Chicks,Goodbye Earl,25,1
7rqaqQurHzR5xHAhdm1gmM,The Chicks,Goodbye Earl,73,3
7rqaqQurHzR5xHAhdm1gmM,The Chicks,Goodbye Earl,86,4
5R8dQOPq8haW94K7mgERlO,Lady Gaga,Poker Face,227,5
5R8dQOPq8haW94K7mgERlO,Lady Gaga,Poker Face,210,5
5R8dQOPq8haW94K7mgERlO,Lady Gaga,Poker Face,17,4
5R8dQOPq8haW94K7mgERlO,Lady Gaga,Poker Face,144,3
5R8dQOPq8haW94K7mgERlO,Lady Gaga,Poker Face,43,5
3F5CgOj3wFlRv51JsHbxhe,Drake,Jimmy Cooks,117,5
3F5CgOj3wFlRv51JsHbxhe,Drake,Jimmy Cooks,21,4
3F5CgOj3wFlRv51JsHbxhe,Drake,Jimmy Cooks,258,5
3F5CgOj3wFlRv51JsHbxhe,Drake,Jimmy Cooks,165,5
3F5CgOj3wFlRv51JsHbxhe,Drake,Jimmy Cooks,219,5
3F5CgOj3wFlRv51JsHbxhe,Drake,Jimmy Cooks,199,5
3F5CgOj3wFlRv51JsHbxhe,Drake,Jimmy Cooks,66,3
3F5CgOj3wFlRv51JsHbxhe,Drake,Jimmy Cooks,86,5
78QR3Wp35dqAhFEc2qAGjE,Lil Baby &amp; Gunna,Drip Too Hard,256,5
78QR3Wp35dqAhFEc2qAGjE,Lil Baby &amp; Gunna,Drip Too Hard,164,5
78QR3Wp35dqAhFEc2qAGjE,Lil Baby &amp; Gunna,Drip Too Hard,86,5
2N1SFSnHMIdHY0waUbjEnv,Wintersun,Winter Madness,91,5
2N1SFSnHMIdHY0waUbjEnv,Wintersun,Winter Madness,219,1
1LmN9SSHISbtp9LoaR5ZVJ,Maroon 5,Payphone,155,5
1LmN9SSHISbtp9LoaR5ZVJ,Maroon 5,Payphone,183,5
1LmN9SSHISbtp9LoaR5ZVJ,Maroon 5,Payphone,100,2
1LmN9SSHISbtp9LoaR5ZVJ,Maroon 5,Payphone,164,5
1LmN9SSHISbtp9LoaR5ZVJ,Maroon 5,Payphone,91,1
2wOVdHz2duM1BrRspxS996,Valiant,North Carolina,214,5
2wOVdHz2duM1BrRspxS996,Valiant,North Carolina,155,4
0x3TibRgnSqzkcwrqBd4iX,Jeremih,Down on Me,235,5
0x3TibRgnSqzkcwrqBd4iX,Jeremih,Down on Me,110,3
0x3TibRgnSqzkcwrqBd4iX,Jeremih,Down on Me,42,4
0x3TibRgnSqzkcwrqBd4iX,Jeremih,Down on Me,266,1
0x3TibRgnSqzkcwrqBd4iX,Jeremih,Down on Me,140,3
0QNdEegC3Q9AVoAMmd8MEL,American Football,Honestly?,166,5
0QNdEegC3Q9AVoAMmd8MEL,American Football,Honestly?,169,5
0QNdEegC3Q9AVoAMmd8MEL,American Football,Honestly?,164,1
0QNdEegC3Q9AVoAMmd8MEL,American Football,Honestly?,66,3
0QNdEegC3Q9AVoAMmd8MEL,American Football,Honestly?,91,3
3r8RuvgbX9s7ammBn07D3W,NewJeans,Ditto,163,4
3r8RuvgbX9s7ammBn07D3W,NewJeans,Ditto,91,4
3r8RuvgbX9s7ammBn07D3W,NewJeans,Ditto,173,4
3r8RuvgbX9s7ammBn07D3W,NewJeans,Ditto,219,5
3r8RuvgbX9s7ammBn07D3W,NewJeans,Ditto,183,5
3r8RuvgbX9s7ammBn07D3W,NewJeans,Ditto,17,4
3r8RuvgbX9s7ammBn07D3W,NewJeans,Ditto,63,2
2paPlKZIIZ2Qk76aZOXR2w,Aesop Rock,Lotta Years,135,4
2paPlKZIIZ2Qk76aZOXR2w,Aesop Rock,Lotta Years,223,3
18NOKLkZETa4sWwLMIm0UZ,Travis Scott,THANK GOD,170,4
18NOKLkZETa4sWwLMIm0UZ,Travis Scott,THANK GOD,164,3
18NOKLkZETa4sWwLMIm0UZ,Travis Scott,THANK GOD,66,3
18NOKLkZETa4sWwLMIm0UZ,Travis Scott,THANK GOD,86,4
4F726ms6OWAle9G32A41bI,Mohon Sharif,Jontrona,85,5
4F726ms6OWAle9G32A41bI,Mohon Sharif,Jontrona,169,5
4F726ms6OWAle9G32A41bI,Mohon Sharif,Jontrona,130,4
4F726ms6OWAle9G32A41bI,Mohon Sharif,Jontrona,66,4
4F726ms6OWAle9G32A41bI,Mohon Sharif,Jontrona,177,4
0lEjxUUlKqjqXrVlIHFduD,Gunna,P Power,21,4
0lEjxUUlKqjqXrVlIHFduD,Gunna,P Power,190,4
0lEjxUUlKqjqXrVlIHFduD,Gunna,P Power,165,3
0lEjxUUlKqjqXrVlIHFduD,Gunna,P Power,216,5
0lEjxUUlKqjqXrVlIHFduD,Gunna,P Power,48,1
0lEjxUUlKqjqXrVlIHFduD,Gunna,P Power,251,5
0lEjxUUlKqjqXrVlIHFduD,Gunna,P Power,164,5
0vH52Icuf6LzOFrkHE8mZG,Faouzia,Minefields,63,5
6zFMeegAMYQo0mt8rXtrli,Lil Nas X,Holiday,158,4
6zFMeegAMYQo0mt8rXtrli,Lil Nas X,Holiday,164,4
6zFMeegAMYQo0mt8rXtrli,Lil Nas X,Holiday,66,3
3Kkjo3cT83cw09VJyrLNwX,Adele,Oh My God,100,5
3Kkjo3cT83cw09VJyrLNwX,Adele,Oh My God,164,4
3Kkjo3cT83cw09VJyrLNwX,Adele,Oh My God,66,3
7B3z0ySL9Rr0XvZEAjWZzM,Clairo,Sofia,112,5
7B3z0ySL9Rr0XvZEAjWZzM,Clairo,Sofia,28,4
7B3z0ySL9Rr0XvZEAjWZzM,Clairo,Sofia,43,5
7B3z0ySL9Rr0XvZEAjWZzM,Clairo,Sofia,61,4
7B3z0ySL9Rr0XvZEAjWZzM,Clairo,Sofia,255,4
7B3z0ySL9Rr0XvZEAjWZzM,Clairo,Sofia,47,4
7B3z0ySL9Rr0XvZEAjWZzM,Clairo,Sofia,45,5
7B3z0ySL9Rr0XvZEAjWZzM,Clairo,Sofia,55,5
7B3z0ySL9Rr0XvZEAjWZzM,Clairo,Sofia,97,3
7B3z0ySL9Rr0XvZEAjWZzM,Clairo,Sofia,108,4
7B3z0ySL9Rr0XvZEAjWZzM,Clairo,Sofia,96,5
7B3z0ySL9Rr0XvZEAjWZzM,Clairo,Sofia,103,5
7B3z0ySL9Rr0XvZEAjWZzM,Clairo,Sofia,114,4
7B3z0ySL9Rr0XvZEAjWZzM,Clairo,Sofia,115,4
7B3z0ySL9Rr0XvZEAjWZzM,Clairo,Sofia,25,1
7B3z0ySL9Rr0XvZEAjWZzM,Clairo,Sofia,89,4
7B3z0ySL9Rr0XvZEAjWZzM,Clairo,Sofia,153,4
7B3z0ySL9Rr0XvZEAjWZzM,Clairo,Sofia,71,3
7B3z0ySL9Rr0XvZEAjWZzM,Clairo,Sofia,116,5
7B3z0ySL9Rr0XvZEAjWZzM,Clairo,Sofia,13,5
7B3z0ySL9Rr0XvZEAjWZzM,Clairo,Sofia,162,5
7B3z0ySL9Rr0XvZEAjWZzM,Clairo,Sofia,166,5
7B3z0ySL9Rr0XvZEAjWZzM,Clairo,Sofia,215,5
0tZ3mElWcr74OOhKEiNz1x,Rage Against The Machine,Bulls On Parade,36,5
0tZ3mElWcr74OOhKEiNz1x,Rage Against The Machine,Bulls On Parade,228,4
0tZ3mElWcr74OOhKEiNz1x,Rage Against The Machine,Bulls On Parade,66,3
0tZ3mElWcr74OOhKEiNz1x,Rage Against The Machine,Bulls On Parade,177,4
4MjDJD8cW7iVeWInc2Bdyj,Bad Bunny,MONACO,167,4
4MjDJD8cW7iVeWInc2Bdyj,Bad Bunny,MONACO,187,4
4MjDJD8cW7iVeWInc2Bdyj,Bad Bunny,MONACO,199,5
4MjDJD8cW7iVeWInc2Bdyj,Bad Bunny,MONACO,66,3
4MjDJD8cW7iVeWInc2Bdyj,Bad Bunny,MONACO,177,2
0VjIjW4GlUZAMYd2vXMi3b,The Weeknd,Blinding Lights,18,5
0VjIjW4GlUZAMYd2vXMi3b,The Weeknd,Blinding Lights,215,3
0VjIjW4GlUZAMYd2vXMi3b,The Weeknd,Blinding Lights,199,2
0VjIjW4GlUZAMYd2vXMi3b,The Weeknd,Blinding Lights,66,3
2mlGPkAx4kwF8Df0GlScsC,Jack Stauber,ButterCup,123,4
2mlGPkAx4kwF8Df0GlScsC,Jack Stauber,ButterCup,193,4
2mlGPkAx4kwF8Df0GlScsC,Jack Stauber,ButterCup,116,4
2mlGPkAx4kwF8Df0GlScsC,Jack Stauber,ButterCup,91,4
2mlGPkAx4kwF8Df0GlScsC,Jack Stauber,ButterCup,66,3
7x9aauaA9cu6tyfpHnqDLo,Jung Kook,Seven (feat. Latto) (Explicit  Ver.),163,5
7x9aauaA9cu6tyfpHnqDLo,Jung Kook,Seven (feat. Latto) (Explicit  Ver.),63,5
7x9aauaA9cu6tyfpHnqDLo,Jung Kook,Seven (feat. Latto) (Explicit  Ver.),215,3
7x9aauaA9cu6tyfpHnqDLo,Jung Kook,Seven (feat. Latto) (Explicit  Ver.),66,3
7iQmjnDXYngWGsbjVnDc1U,Gregory Alan Isakov,Amsterdam,258,5
7iQmjnDXYngWGsbjVnDc1U,Gregory Alan Isakov,Amsterdam,204,4
7iQmjnDXYngWGsbjVnDc1U,Gregory Alan Isakov,Amsterdam,4,4
7iQmjnDXYngWGsbjVnDc1U,Gregory Alan Isakov,Amsterdam,55,5
7iQmjnDXYngWGsbjVnDc1U,Gregory Alan Isakov,Amsterdam,28,4
7iQmjnDXYngWGsbjVnDc1U,Gregory Alan Isakov,Amsterdam,242,5
7iQmjnDXYngWGsbjVnDc1U,Gregory Alan Isakov,Amsterdam,32,5
7iQmjnDXYngWGsbjVnDc1U,Gregory Alan Isakov,Amsterdam,188,5
7iQmjnDXYngWGsbjVnDc1U,Gregory Alan Isakov,Amsterdam,25,1
7iQmjnDXYngWGsbjVnDc1U,Gregory Alan Isakov,Amsterdam,94,3
7iQmjnDXYngWGsbjVnDc1U,Gregory Alan Isakov,Amsterdam,2,1
7iQmjnDXYngWGsbjVnDc1U,Gregory Alan Isakov,Amsterdam,219,3
ELaNloGlQVyQUyiEbLf6eg,KISS,I Was Made For Lovin’ You,40,5
ELaNloGlQVyQUyiEbLf6eg,KISS,I Was Made For Lovin’ You,91,3
ELaNloGlQVyQUyiEbLf6eg,KISS,I Was Made For Lovin’ You,165,3
ELaNloGlQVyQUyiEbLf6eg,KISS,I Was Made For Lovin’ You,171,4
ELaNloGlQVyQUyiEbLf6eg,KISS,I Was Made For Lovin’ You,231,5
ELaNloGlQVyQUyiEbLf6eg,KISS,I Was Made For Lovin’ You,30,5
ELaNloGlQVyQUyiEbLf6eg,KISS,I Was Made For Lovin’ You,154,4
ELaNloGlQVyQUyiEbLf6eg,KISS,I Was Made For Lovin’ You,66,3
5HiSc2ZCGn8L3cH3qSwzBT,Red Velvet,Russian Roulette,43,5
5HiSc2ZCGn8L3cH3qSwzBT,Red Velvet,Russian Roulette,45,5
0S7cVe7VaAzdcbuGcZeH10,Ozodbek Nazarbekov,Kelgin gulim,127,5
0S7cVe7VaAzdcbuGcZeH10,Ozodbek Nazarbekov,Kelgin gulim,66,3
5PQobJZwHbbUWL4qzGbBV0,Acid Bath,Bleed Me an Ocean,91,5
5PQobJZwHbbUWL4qzGbBV0,Acid Bath,Bleed Me an Ocean,150,5
2VxeLyX666F8uXCJ0dZF8B,Lady Gaga,Shallow,227,1
2VxeLyX666F8uXCJ0dZF8B,Lady Gaga,Shallow,231,3
2VxeLyX666F8uXCJ0dZF8B,Lady Gaga,Shallow,100,4
2VxeLyX666F8uXCJ0dZF8B,Lady Gaga,Shallow,164,4
2VxeLyX666F8uXCJ0dZF8B,Lady Gaga,Shallow,66,3
5ryxdobYDJWyQQFamfDOxb,kenichiro nishihara,Serendipity,28,5
5ryxdobYDJWyQQFamfDOxb,kenichiro nishihara,Serendipity,215,3
5ryxdobYDJWyQQFamfDOxb,kenichiro nishihara,Serendipity,66,4
1XrSjpNe49IiygZfzb74pk,Her's,What Once Was,116,5
1XrSjpNe49IiygZfzb74pk,Her's,What Once Was,66,2
6ts1KCOudfDYXYfyWtq0k1,Vaundy,Omokage,44,5
6ts1KCOudfDYXYfyWtq0k1,Vaundy,Omokage,163,3
6ts1KCOudfDYXYfyWtq0k1,Vaundy,Omokage,164,2
6wsqVwoiVH2kde4k4KKAFU,Travis Scott,I KNOW?,170,5
6wsqVwoiVH2kde4k4KKAFU,Travis Scott,I KNOW?,187,5
6wsqVwoiVH2kde4k4KKAFU,Travis Scott,I KNOW?,43,5
6wsqVwoiVH2kde4k4KKAFU,Travis Scott,I KNOW?,164,2
6wsqVwoiVH2kde4k4KKAFU,Travis Scott,I KNOW?,86,5
6wsqVwoiVH2kde4k4KKAFU,Travis Scott,I KNOW?,177,5
0gthY07uquYTZXfg1Kc5EX,Nickelodeon,SpongeBob SquarePants Theme Song,232,5
0gthY07uquYTZXfg1Kc5EX,Nickelodeon,SpongeBob SquarePants Theme Song,110,5
0gthY07uquYTZXfg1Kc5EX,Nickelodeon,SpongeBob SquarePants Theme Song,252,5
0gthY07uquYTZXfg1Kc5EX,Nickelodeon,SpongeBob SquarePants Theme Song,188,4
0gthY07uquYTZXfg1Kc5EX,Nickelodeon,SpongeBob SquarePants Theme Song,226,5
0gthY07uquYTZXfg1Kc5EX,Nickelodeon,SpongeBob SquarePants Theme Song,53,5
0gthY07uquYTZXfg1Kc5EX,Nickelodeon,SpongeBob SquarePants Theme Song,2,1
0gthY07uquYTZXfg1Kc5EX,Nickelodeon,SpongeBob SquarePants Theme Song,248,5
0gthY07uquYTZXfg1Kc5EX,Nickelodeon,SpongeBob SquarePants Theme Song,71,5
0gthY07uquYTZXfg1Kc5EX,Nickelodeon,SpongeBob SquarePants Theme Song,22,5
0gthY07uquYTZXfg1Kc5EX,Nickelodeon,SpongeBob SquarePants Theme Song,193,5
0gthY07uquYTZXfg1Kc5EX,Nickelodeon,SpongeBob SquarePants Theme Song,260,4
0gthY07uquYTZXfg1Kc5EX,Nickelodeon,SpongeBob SquarePants Theme Song,253,5
0gthY07uquYTZXfg1Kc5EX,Nickelodeon,SpongeBob SquarePants Theme Song,163,5
0gthY07uquYTZXfg1Kc5EX,Nickelodeon,SpongeBob SquarePants Theme Song,21,5
0gthY07uquYTZXfg1Kc5EX,Nickelodeon,SpongeBob SquarePants Theme Song,133,5
0gthY07uquYTZXfg1Kc5EX,Nickelodeon,SpongeBob SquarePants Theme Song,180,5
0gthY07uquYTZXfg1Kc5EX,Nickelodeon,SpongeBob SquarePants Theme Song,255,5
0gthY07uquYTZXfg1Kc5EX,Nickelodeon,SpongeBob SquarePants Theme Song,259,5
0gthY07uquYTZXfg1Kc5EX,Nickelodeon,SpongeBob SquarePants Theme Song,166,5
0gthY07uquYTZXfg1Kc5EX,Nickelodeon,SpongeBob SquarePants Theme Song,48,5
0gthY07uquYTZXfg1Kc5EX,Nickelodeon,SpongeBob SquarePants Theme Song,183,5
0gthY07uquYTZXfg1Kc5EX,Nickelodeon,SpongeBob SquarePants Theme Song,127,5
0gthY07uquYTZXfg1Kc5EX,Nickelodeon,SpongeBob SquarePants Theme Song,215,5
0gthY07uquYTZXfg1Kc5EX,Nickelodeon,SpongeBob SquarePants Theme Song,204,5
0gthY07uquYTZXfg1Kc5EX,Nickelodeon,SpongeBob SquarePants Theme Song,66,2
0gthY07uquYTZXfg1Kc5EX,Nickelodeon,SpongeBob SquarePants Theme Song,177,5
1ThmUihH9dF8EV08ku5AXN,Ski Mask The Slump God,Faucet Failure,185,5
1ThmUihH9dF8EV08ku5AXN,Ski Mask The Slump God,Faucet Failure,46,5
1ThmUihH9dF8EV08ku5AXN,Ski Mask The Slump God,Faucet Failure,66,3
1EbWiEra7ovNsMq3DeLSDy,J. Cole ,Power Trip,175,5
1EbWiEra7ovNsMq3DeLSDy,J. Cole ,Power Trip,48,5
1EbWiEra7ovNsMq3DeLSDy,J. Cole ,Power Trip,164,4
1EbWiEra7ovNsMq3DeLSDy,J. Cole ,Power Trip,66,3
1i9lZvlaDdWDPyXEE95aiq,Travis Scott,Telekinesis,257,5
1i9lZvlaDdWDPyXEE95aiq,Travis Scott,Telekinesis,48,5
1i9lZvlaDdWDPyXEE95aiq,Travis Scott,Telekinesis,187,5
1i9lZvlaDdWDPyXEE95aiq,Travis Scott,Telekinesis,251,5
1i9lZvlaDdWDPyXEE95aiq,Travis Scott,Telekinesis,50,5
1i9lZvlaDdWDPyXEE95aiq,Travis Scott,Telekinesis,41,5
0QqKwogBhBEouLNmOuCsDw,Kid Freud,Late (Lioness),264,5
0QqKwogBhBEouLNmOuCsDw,Kid Freud,Late (Lioness),59,1
0QqKwogBhBEouLNmOuCsDw,Kid Freud,Late (Lioness),28,4
0QqKwogBhBEouLNmOuCsDw,Kid Freud,Late (Lioness),61,3
0QqKwogBhBEouLNmOuCsDw,Kid Freud,Late (Lioness),204,2
0QqKwogBhBEouLNmOuCsDw,Kid Freud,Late (Lioness),77,3
0QqKwogBhBEouLNmOuCsDw,Kid Freud,Late (Lioness),110,1
0QqKwogBhBEouLNmOuCsDw,Kid Freud,Late (Lioness),25,1
0QqKwogBhBEouLNmOuCsDw,Kid Freud,Late (Lioness),219,4
0QqKwogBhBEouLNmOuCsDw,Kid Freud,Late (Lioness),66,3
1xWkeSPhf3bZqHY7Ncz8vp,lil tecca,500lbs,67,5
1xWkeSPhf3bZqHY7Ncz8vp,lil tecca,500lbs,108,1
1xWkeSPhf3bZqHY7Ncz8vp,lil tecca,500lbs,46,5
1xWkeSPhf3bZqHY7Ncz8vp,lil tecca,500lbs,114,5
1xWkeSPhf3bZqHY7Ncz8vp,lil tecca,500lbs,25,1
1xWkeSPhf3bZqHY7Ncz8vp,lil tecca,500lbs,28,1
1xWkeSPhf3bZqHY7Ncz8vp,lil tecca,500lbs,38,5
1xWkeSPhf3bZqHY7Ncz8vp,lil tecca,500lbs,40,4
1xWkeSPhf3bZqHY7Ncz8vp,lil tecca,500lbs,90,2
1xWkeSPhf3bZqHY7Ncz8vp,lil tecca,500lbs,193,1
1xWkeSPhf3bZqHY7Ncz8vp,lil tecca,500lbs,249,1
1xWkeSPhf3bZqHY7Ncz8vp,lil tecca,500lbs,48,5
5M787RexsAiVYjQusM98CV,Taylor Swift,New Romantics (Taylor’s Version),105,5
5M787RexsAiVYjQusM98CV,Taylor Swift,New Romantics (Taylor’s Version),125,5
5M787RexsAiVYjQusM98CV,Taylor Swift,New Romantics (Taylor’s Version),2,1
5M787RexsAiVYjQusM98CV,Taylor Swift,New Romantics (Taylor’s Version),134,5
5M787RexsAiVYjQusM98CV,Taylor Swift,New Romantics (Taylor’s Version),51,1
5M787RexsAiVYjQusM98CV,Taylor Swift,New Romantics (Taylor’s Version),130,4
5M787RexsAiVYjQusM98CV,Taylor Swift,New Romantics (Taylor’s Version),43,5
5tsB5ROYUKKisUaJQIEEfv,Peach pit,Psychics in LA,264,4
5tsB5ROYUKKisUaJQIEEfv,Peach pit,Psychics in LA,59,2
5tsB5ROYUKKisUaJQIEEfv,Peach pit,Psychics in LA,112,5
5tsB5ROYUKKisUaJQIEEfv,Peach pit,Psychics in LA,28,4
5tsB5ROYUKKisUaJQIEEfv,Peach pit,Psychics in LA,61,4
5tsB5ROYUKKisUaJQIEEfv,Peach pit,Psychics in LA,204,4
5tsB5ROYUKKisUaJQIEEfv,Peach pit,Psychics in LA,4,4
5tsB5ROYUKKisUaJQIEEfv,Peach pit,Psychics in LA,151,2
5tsB5ROYUKKisUaJQIEEfv,Peach pit,Psychics in LA,75,4
5tsB5ROYUKKisUaJQIEEfv,Peach pit,Psychics in LA,97,4
5tsB5ROYUKKisUaJQIEEfv,Peach pit,Psychics in LA,25,1
5tsB5ROYUKKisUaJQIEEfv,Peach pit,Psychics in LA,53,4
5tsB5ROYUKKisUaJQIEEfv,Peach pit,Psychics in LA,2,1
5tsB5ROYUKKisUaJQIEEfv,Peach pit,Psychics in LA,262,5
5tsB5ROYUKKisUaJQIEEfv,Peach pit,Psychics in LA,146,2
5tsB5ROYUKKisUaJQIEEfv,Peach pit,Psychics in LA,86,3
5tsB5ROYUKKisUaJQIEEfv,Peach pit,Psychics in LA,164,2
5tsB5ROYUKKisUaJQIEEfv,Peach pit,Psychics in LA,66,3
44sx67tSV1EqtaS8f1Tk1K,Dripping,Escape into Orbital Infinity,204,5
44sx67tSV1EqtaS8f1Tk1K,Dripping,Escape into Orbital Infinity,244,5
44sx67tSV1EqtaS8f1Tk1K,Dripping,Escape into Orbital Infinity,151,4
44sx67tSV1EqtaS8f1Tk1K,Dripping,Escape into Orbital Infinity,242,5
44sx67tSV1EqtaS8f1Tk1K,Dripping,Escape into Orbital Infinity,110,5
44sx67tSV1EqtaS8f1Tk1K,Dripping,Escape into Orbital Infinity,28,1
44sx67tSV1EqtaS8f1Tk1K,Dripping,Escape into Orbital Infinity,25,1
44sx67tSV1EqtaS8f1Tk1K,Dripping,Escape into Orbital Infinity,91,5
44sx67tSV1EqtaS8f1Tk1K,Dripping,Escape into Orbital Infinity,66,3
0caJ2wkqp4UmXBwdR2JvB5,Noah Kahan ,Dial Drunk ,164,5
1yeB8MUNeLo9Ek1UEpsyz6,Drake,Rich Baby Daddy ,21,5
1yeB8MUNeLo9Ek1UEpsyz6,Drake,Rich Baby Daddy ,34,5
1yeB8MUNeLo9Ek1UEpsyz6,Drake,Rich Baby Daddy ,48,5
1yeB8MUNeLo9Ek1UEpsyz6,Drake,Rich Baby Daddy ,215,3
1yeB8MUNeLo9Ek1UEpsyz6,Drake,Rich Baby Daddy ,66,4
4TJUS843fKiqqIzycM74Oy,Toby Keith,Should've Been a Cowboy,0,4
4TJUS843fKiqqIzycM74Oy,Toby Keith,Should've Been a Cowboy,159,2
4TJUS843fKiqqIzycM74Oy,Toby Keith,Should've Been a Cowboy,176,5
4TJUS843fKiqqIzycM74Oy,Toby Keith,Should've Been a Cowboy,264,2
4TJUS843fKiqqIzycM74Oy,Toby Keith,Should've Been a Cowboy,112,1
4TJUS843fKiqqIzycM74Oy,Toby Keith,Should've Been a Cowboy,28,4
4TJUS843fKiqqIzycM74Oy,Toby Keith,Should've Been a Cowboy,206,5
4TJUS843fKiqqIzycM74Oy,Toby Keith,Should've Been a Cowboy,61,3
4TJUS843fKiqqIzycM74Oy,Toby Keith,Should've Been a Cowboy,204,4
4TJUS843fKiqqIzycM74Oy,Toby Keith,Should've Been a Cowboy,103,2
4TJUS843fKiqqIzycM74Oy,Toby Keith,Should've Been a Cowboy,115,4
4TJUS843fKiqqIzycM74Oy,Toby Keith,Should've Been a Cowboy,25,1
4TJUS843fKiqqIzycM74Oy,Toby Keith,Should've Been a Cowboy,42,4
4TJUS843fKiqqIzycM74Oy,Toby Keith,Should've Been a Cowboy,258,3
4TJUS843fKiqqIzycM74Oy,Toby Keith,Should've Been a Cowboy,100,3
4TJUS843fKiqqIzycM74Oy,Toby Keith,Should've Been a Cowboy,6,1
4TJUS843fKiqqIzycM74Oy,Toby Keith,Should've Been a Cowboy,164,2
6uzLHJvgn5K4U6jCMgDFW3,Aesop Rock,Mindful Solutionism,0,5
6uzLHJvgn5K4U6jCMgDFW3,Aesop Rock,Mindful Solutionism,159,2
6uzLHJvgn5K4U6jCMgDFW3,Aesop Rock,Mindful Solutionism,176,3
6uzLHJvgn5K4U6jCMgDFW3,Aesop Rock,Mindful Solutionism,264,3
6uzLHJvgn5K4U6jCMgDFW3,Aesop Rock,Mindful Solutionism,28,4
6uzLHJvgn5K4U6jCMgDFW3,Aesop Rock,Mindful Solutionism,61,4
6uzLHJvgn5K4U6jCMgDFW3,Aesop Rock,Mindful Solutionism,204,5
6uzLHJvgn5K4U6jCMgDFW3,Aesop Rock,Mindful Solutionism,69,5
6uzLHJvgn5K4U6jCMgDFW3,Aesop Rock,Mindful Solutionism,110,5
6uzLHJvgn5K4U6jCMgDFW3,Aesop Rock,Mindful Solutionism,25,1
6uzLHJvgn5K4U6jCMgDFW3,Aesop Rock,Mindful Solutionism,153,3
6uzLHJvgn5K4U6jCMgDFW3,Aesop Rock,Mindful Solutionism,172,4
6uzLHJvgn5K4U6jCMgDFW3,Aesop Rock,Mindful Solutionism,219,3
6uzLHJvgn5K4U6jCMgDFW3,Aesop Rock,Mindful Solutionism,82,4
6uzLHJvgn5K4U6jCMgDFW3,Aesop Rock,Mindful Solutionism,66,3
1B9OQxCuWdWlyVICqoGcut,张国荣,Monica,125,5
1B9OQxCuWdWlyVICqoGcut,张国荣,Monica,73,5
1B9OQxCuWdWlyVICqoGcut,张国荣,Monica,28,1
7Id9WVdUZXIK1jchXxvRH3,Beyonce (feat. Jay-Z),Deja Vu- Homecoming Live,43,5
4rPkN1FMzQyFNP9cLUGIIB,Dua Lipa,Love Again,158,5
4rPkN1FMzQyFNP9cLUGIIB,Dua Lipa,Love Again,66,4
2kCr6dHMCWJRHm5H5ikcAp,Showjoe,Snow Bunny,229,5
2kCr6dHMCWJRHm5H5ikcAp,Showjoe,Snow Bunny,94,4
2kCr6dHMCWJRHm5H5ikcAp,Showjoe,Snow Bunny,14,2
2kCr6dHMCWJRHm5H5ikcAp,Showjoe,Snow Bunny,66,3
2Hh3ETdQKrmSI3QS0hme7g,Metro Boomin Future Don Tolliver,Too Many Nights,45,5
2Hh3ETdQKrmSI3QS0hme7g,Metro Boomin Future Don Tolliver,Too Many Nights,6,3
2Hh3ETdQKrmSI3QS0hme7g,Metro Boomin Future Don Tolliver,Too Many Nights,199,5
2Hh3ETdQKrmSI3QS0hme7g,Metro Boomin Future Don Tolliver,Too Many Nights,177,5
5oX3nujmD03IvRuMuhdYBl,Shinedown,Black Cadillac,76,5
5oX3nujmD03IvRuMuhdYBl,Shinedown,Black Cadillac,78,2
5oX3nujmD03IvRuMuhdYBl,Shinedown,Black Cadillac,25,1
5oX3nujmD03IvRuMuhdYBl,Shinedown,Black Cadillac,89,4
5oX3nujmD03IvRuMuhdYBl,Shinedown,Black Cadillac,2,1
5oX3nujmD03IvRuMuhdYBl,Shinedown,Black Cadillac,49,3
5oX3nujmD03IvRuMuhdYBl,Shinedown,Black Cadillac,42,4
5oX3nujmD03IvRuMuhdYBl,Shinedown,Black Cadillac,266,5
5oX3nujmD03IvRuMuhdYBl,Shinedown,Black Cadillac,222,3
5oX3nujmD03IvRuMuhdYBl,Shinedown,Black Cadillac,196,3
5oX3nujmD03IvRuMuhdYBl,Shinedown,Black Cadillac,82,3
5oX3nujmD03IvRuMuhdYBl,Shinedown,Black Cadillac,127,4
2qQP2NgOoH6HqknnbpJmIk,The Beatles,Now And Then,38,4
2qQP2NgOoH6HqknnbpJmIk,The Beatles,Now And Then,199,3
2qQP2NgOoH6HqknnbpJmIk,The Beatles,Now And Then,66,3
7sek4hwfR7p2NccarCFBc1,Lana del Rey,Cherry,43,5
7sek4hwfR7p2NccarCFBc1,Lana del Rey,Cherry,61,2
7sek4hwfR7p2NccarCFBc1,Lana del Rey,Cherry,84,1
7sek4hwfR7p2NccarCFBc1,Lana del Rey,Cherry,204,3
7sek4hwfR7p2NccarCFBc1,Lana del Rey,Cherry,4,4
7sek4hwfR7p2NccarCFBc1,Lana del Rey,Cherry,108,5
7sek4hwfR7p2NccarCFBc1,Lana del Rey,Cherry,242,5
7sek4hwfR7p2NccarCFBc1,Lana del Rey,Cherry,114,3
7sek4hwfR7p2NccarCFBc1,Lana del Rey,Cherry,96,4
7sek4hwfR7p2NccarCFBc1,Lana del Rey,Cherry,28,1
7sek4hwfR7p2NccarCFBc1,Lana del Rey,Cherry,25,1
7sek4hwfR7p2NccarCFBc1,Lana del Rey,Cherry,188,4
7sek4hwfR7p2NccarCFBc1,Lana del Rey,Cherry,163,4
7sek4hwfR7p2NccarCFBc1,Lana del Rey,Cherry,58,5
7sek4hwfR7p2NccarCFBc1,Lana del Rey,Cherry,6,1
7sek4hwfR7p2NccarCFBc1,Lana del Rey,Cherry,215,2
7sek4hwfR7p2NccarCFBc1,Lana del Rey,Cherry,66,4
1fDKxZeNiTV553KnayCtYs,Melodysheep,child of planet earth,87,5
1fDKxZeNiTV553KnayCtYs,Melodysheep,child of planet earth,254,3
1fDKxZeNiTV553KnayCtYs,Melodysheep,child of planet earth,28,1
1fDKxZeNiTV553KnayCtYs,Melodysheep,child of planet earth,66,3
7qwt4xUIqQWCu1DJf96g2k,Clairo,Hello?,186,4
2BcMwX1MPV6ZHP4tUT9uq6,Drake,Knife Talk,117,4
2BcMwX1MPV6ZHP4tUT9uq6,Drake,Knife Talk,90,3
2BcMwX1MPV6ZHP4tUT9uq6,Drake,Knife Talk,71,5
2BcMwX1MPV6ZHP4tUT9uq6,Drake,Knife Talk,91,2
2BcMwX1MPV6ZHP4tUT9uq6,Drake,Knife Talk,21,5
2BcMwX1MPV6ZHP4tUT9uq6,Drake,Knife Talk,219,1
2BcMwX1MPV6ZHP4tUT9uq6,Drake,Knife Talk,154,5
2BcMwX1MPV6ZHP4tUT9uq6,Drake,Knife Talk,40,4
0tIpk8WgWrnI0VHCXr1fph,Sunami,Six,20,5
0tIpk8WgWrnI0VHCXr1fph,Sunami,Six,180,3
0tIpk8WgWrnI0VHCXr1fph,Sunami,Six,196,3
0tIpk8WgWrnI0VHCXr1fph,Sunami,Six,164,2
6qXHEV470p1bYHxkTSVrRs,王贰浪,如果爱忘了,13,5
6qXHEV470p1bYHxkTSVrRs,王贰浪,如果爱忘了,155,5
3lLT1GM0h5bJXv0lToc4zw,Sleepy Hallow,Murda She Wrote,256,5
3lLT1GM0h5bJXv0lToc4zw,Sleepy Hallow,Murda She Wrote,214,5
3lLT1GM0h5bJXv0lToc4zw,Sleepy Hallow,Murda She Wrote,187,4
3lLT1GM0h5bJXv0lToc4zw,Sleepy Hallow,Murda She Wrote,58,5
3lLT1GM0h5bJXv0lToc4zw,Sleepy Hallow,Murda She Wrote,40,5
2ZXxRC6V6AXzMdbLQZMHSB,Lil Tecca,LOT OF ME,170,3
2ZXxRC6V6AXzMdbLQZMHSB,Lil Tecca,LOT OF ME,48,2
2ZXxRC6V6AXzMdbLQZMHSB,Lil Tecca,LOT OF ME,155,4
2ZXxRC6V6AXzMdbLQZMHSB,Lil Tecca,LOT OF ME,254,5
2ZXxRC6V6AXzMdbLQZMHSB,Lil Tecca,LOT OF ME,66,3
2ZXxRC6V6AXzMdbLQZMHSB,Lil Tecca,LOT OF ME,86,4
2ZXxRC6V6AXzMdbLQZMHSB,Lil Tecca,LOT OF ME,177,3
2xBibqkmXJ4NQCe8lJeZco,Kawaikute gomen,可愛くてごめん,28,5
2xBibqkmXJ4NQCe8lJeZco,Kawaikute gomen,可愛くてごめん,66,3
7g4IuTLQXihfP23yrQm8l4,Ellie Goulding,Love me like you do,266,5
7g4IuTLQXihfP23yrQm8l4,Ellie Goulding,Love me like you do,202,3
7g4IuTLQXihfP23yrQm8l4,Ellie Goulding,Love me like you do,14,5
7g4IuTLQXihfP23yrQm8l4,Ellie Goulding,Love me like you do,216,4
7g4IuTLQXihfP23yrQm8l4,Ellie Goulding,Love me like you do,231,5
7g4IuTLQXihfP23yrQm8l4,Ellie Goulding,Love me like you do,48,1
7g4IuTLQXihfP23yrQm8l4,Ellie Goulding,Love me like you do,43,5
7g4IuTLQXihfP23yrQm8l4,Ellie Goulding,Love me like you do,66,3
7g4IuTLQXihfP23yrQm8l4,Ellie Goulding,Love me like you do,177,1
0wJoRiX5K5BxlqZTolB2LD,Jimmy Hendrix,Purple Haze,0,5
0wJoRiX5K5BxlqZTolB2LD,Jimmy Hendrix,Purple Haze,159,2
0wJoRiX5K5BxlqZTolB2LD,Jimmy Hendrix,Purple Haze,176,4
0wJoRiX5K5BxlqZTolB2LD,Jimmy Hendrix,Purple Haze,264,3
0wJoRiX5K5BxlqZTolB2LD,Jimmy Hendrix,Purple Haze,28,4
0wJoRiX5K5BxlqZTolB2LD,Jimmy Hendrix,Purple Haze,206,5
0wJoRiX5K5BxlqZTolB2LD,Jimmy Hendrix,Purple Haze,61,5
0wJoRiX5K5BxlqZTolB2LD,Jimmy Hendrix,Purple Haze,204,5
0wJoRiX5K5BxlqZTolB2LD,Jimmy Hendrix,Purple Haze,4,4
0wJoRiX5K5BxlqZTolB2LD,Jimmy Hendrix,Purple Haze,55,4
0wJoRiX5K5BxlqZTolB2LD,Jimmy Hendrix,Purple Haze,151,3
0wJoRiX5K5BxlqZTolB2LD,Jimmy Hendrix,Purple Haze,103,5
0wJoRiX5K5BxlqZTolB2LD,Jimmy Hendrix,Purple Haze,69,5
0wJoRiX5K5BxlqZTolB2LD,Jimmy Hendrix,Purple Haze,25,1
0wJoRiX5K5BxlqZTolB2LD,Jimmy Hendrix,Purple Haze,202,1
0wJoRiX5K5BxlqZTolB2LD,Jimmy Hendrix,Purple Haze,91,5
0wJoRiX5K5BxlqZTolB2LD,Jimmy Hendrix,Purple Haze,116,5
0wJoRiX5K5BxlqZTolB2LD,Jimmy Hendrix,Purple Haze,160,4
0wJoRiX5K5BxlqZTolB2LD,Jimmy Hendrix,Purple Haze,219,3
0wJoRiX5K5BxlqZTolB2LD,Jimmy Hendrix,Purple Haze,51,5
0wJoRiX5K5BxlqZTolB2LD,Jimmy Hendrix,Purple Haze,251,5
0wJoRiX5K5BxlqZTolB2LD,Jimmy Hendrix,Purple Haze,50,2
4cOdK2wGLETKBW3PvgPWqT,Rick Astley,Never Gonna Give You Up,244,5
4cOdK2wGLETKBW3PvgPWqT,Rick Astley,Never Gonna Give You Up,204,5
4cOdK2wGLETKBW3PvgPWqT,Rick Astley,Never Gonna Give You Up,4,5
4cOdK2wGLETKBW3PvgPWqT,Rick Astley,Never Gonna Give You Up,76,5
4cOdK2wGLETKBW3PvgPWqT,Rick Astley,Never Gonna Give You Up,55,5
4cOdK2wGLETKBW3PvgPWqT,Rick Astley,Never Gonna Give You Up,78,5
4cOdK2wGLETKBW3PvgPWqT,Rick Astley,Never Gonna Give You Up,113,5
4cOdK2wGLETKBW3PvgPWqT,Rick Astley,Never Gonna Give You Up,95,5
4cOdK2wGLETKBW3PvgPWqT,Rick Astley,Never Gonna Give You Up,30,5
4cOdK2wGLETKBW3PvgPWqT,Rick Astley,Never Gonna Give You Up,18,5
4cOdK2wGLETKBW3PvgPWqT,Rick Astley,Never Gonna Give You Up,97,2
4cOdK2wGLETKBW3PvgPWqT,Rick Astley,Never Gonna Give You Up,46,5
4cOdK2wGLETKBW3PvgPWqT,Rick Astley,Never Gonna Give You Up,115,4
4cOdK2wGLETKBW3PvgPWqT,Rick Astley,Never Gonna Give You Up,110,5
4cOdK2wGLETKBW3PvgPWqT,Rick Astley,Never Gonna Give You Up,103,5
4cOdK2wGLETKBW3PvgPWqT,Rick Astley,Never Gonna Give You Up,168,5
4cOdK2wGLETKBW3PvgPWqT,Rick Astley,Never Gonna Give You Up,29,5
4cOdK2wGLETKBW3PvgPWqT,Rick Astley,Never Gonna Give You Up,36,5
4cOdK2wGLETKBW3PvgPWqT,Rick Astley,Never Gonna Give You Up,45,5
4cOdK2wGLETKBW3PvgPWqT,Rick Astley,Never Gonna Give You Up,28,1
4cOdK2wGLETKBW3PvgPWqT,Rick Astley,Never Gonna Give You Up,25,1
4cOdK2wGLETKBW3PvgPWqT,Rick Astley,Never Gonna Give You Up,40,1
4cOdK2wGLETKBW3PvgPWqT,Rick Astley,Never Gonna Give You Up,89,2
4cOdK2wGLETKBW3PvgPWqT,Rick Astley,Never Gonna Give You Up,135,5
4cOdK2wGLETKBW3PvgPWqT,Rick Astley,Never Gonna Give You Up,226,5
4cOdK2wGLETKBW3PvgPWqT,Rick Astley,Never Gonna Give You Up,53,5
4cOdK2wGLETKBW3PvgPWqT,Rick Astley,Never Gonna Give You Up,248,5
4cOdK2wGLETKBW3PvgPWqT,Rick Astley,Never Gonna Give You Up,90,1
4cOdK2wGLETKBW3PvgPWqT,Rick Astley,Never Gonna Give You Up,22,5
4cOdK2wGLETKBW3PvgPWqT,Rick Astley,Never Gonna Give You Up,260,5
4cOdK2wGLETKBW3PvgPWqT,Rick Astley,Never Gonna Give You Up,15,5
4cOdK2wGLETKBW3PvgPWqT,Rick Astley,Never Gonna Give You Up,49,2
4cOdK2wGLETKBW3PvgPWqT,Rick Astley,Never Gonna Give You Up,42,3
4cOdK2wGLETKBW3PvgPWqT,Rick Astley,Never Gonna Give You Up,163,3
4cOdK2wGLETKBW3PvgPWqT,Rick Astley,Never Gonna Give You Up,116,5
4cOdK2wGLETKBW3PvgPWqT,Rick Astley,Never Gonna Give You Up,232,5
4cOdK2wGLETKBW3PvgPWqT,Rick Astley,Never Gonna Give You Up,21,5
4cOdK2wGLETKBW3PvgPWqT,Rick Astley,Never Gonna Give You Up,181,5
4cOdK2wGLETKBW3PvgPWqT,Rick Astley,Never Gonna Give You Up,173,5
4cOdK2wGLETKBW3PvgPWqT,Rick Astley,Never Gonna Give You Up,240,5
4cOdK2wGLETKBW3PvgPWqT,Rick Astley,Never Gonna Give You Up,180,5
4cOdK2wGLETKBW3PvgPWqT,Rick Astley,Never Gonna Give You Up,171,5
4cOdK2wGLETKBW3PvgPWqT,Rick Astley,Never Gonna Give You Up,213,5
4cOdK2wGLETKBW3PvgPWqT,Rick Astley,Never Gonna Give You Up,164,5
4cOdK2wGLETKBW3PvgPWqT,Rick Astley,Never Gonna Give You Up,209,5
4cOdK2wGLETKBW3PvgPWqT,Rick Astley,Never Gonna Give You Up,259,3
4cOdK2wGLETKBW3PvgPWqT,Rick Astley,Never Gonna Give You Up,231,5
4cOdK2wGLETKBW3PvgPWqT,Rick Astley,Never Gonna Give You Up,48,5
4cOdK2wGLETKBW3PvgPWqT,Rick Astley,Never Gonna Give You Up,47,4
4cOdK2wGLETKBW3PvgPWqT,Rick Astley,Never Gonna Give You Up,94,5
4cOdK2wGLETKBW3PvgPWqT,Rick Astley,Never Gonna Give You Up,150,1
4cOdK2wGLETKBW3PvgPWqT,Rick Astley,Never Gonna Give You Up,177,4
0K8AXydkWCpsdA47ER6sKK,DaJakey,On Top,11,5
0K8AXydkWCpsdA47ER6sKK,DaJakey,On Top,110,5
0K8AXydkWCpsdA47ER6sKK,DaJakey,On Top,61,3
0K8AXydkWCpsdA47ER6sKK,DaJakey,On Top,204,2
0K8AXydkWCpsdA47ER6sKK,DaJakey,On Top,75,5
0K8AXydkWCpsdA47ER6sKK,DaJakey,On Top,28,1
0K8AXydkWCpsdA47ER6sKK,DaJakey,On Top,25,1
0K8AXydkWCpsdA47ER6sKK,DaJakey,On Top,49,3
0K8AXydkWCpsdA47ER6sKK,DaJakey,On Top,244,3
0K8AXydkWCpsdA47ER6sKK,DaJakey,On Top,51,1
6A4hgJdwriera4WSUl4moW,Sheff G,Weight On Me,214,5
4aVuWgvD0X63hcOCnZtNFA,Eagles,Hotel California,130,5
4aVuWgvD0X63hcOCnZtNFA,Eagles,Hotel California,100,5
4aVuWgvD0X63hcOCnZtNFA,Eagles,Hotel California,192,2
4aVuWgvD0X63hcOCnZtNFA,Eagles,Hotel California,66,3
3LVcKphzONOdQ2EATazlZq,NLE Choppa,Final Warning,256,5
3LVcKphzONOdQ2EATazlZq,NLE Choppa,Final Warning,164,2
3LVcKphzONOdQ2EATazlZq,NLE Choppa,Final Warning,66,3
4JiEyzf0Md7KEFFGWDDdCr,Guns N' Roses,Knockin' On Heaven's Door,51,5
4JiEyzf0Md7KEFFGWDDdCr,Guns N' Roses,Knockin' On Heaven's Door,91,4
4JiEyzf0Md7KEFFGWDDdCr,Guns N' Roses,Knockin' On Heaven's Door,116,5
4JiEyzf0Md7KEFFGWDDdCr,Guns N' Roses,Knockin' On Heaven's Door,209,3
4JiEyzf0Md7KEFFGWDDdCr,Guns N' Roses,Knockin' On Heaven's Door,100,5
4JiEyzf0Md7KEFFGWDDdCr,Guns N' Roses,Knockin' On Heaven's Door,50,2
4JiEyzf0Md7KEFFGWDDdCr,Guns N' Roses,Knockin' On Heaven's Door,76,4
4JiEyzf0Md7KEFFGWDDdCr,Guns N' Roses,Knockin' On Heaven's Door,164,5
4JiEyzf0Md7KEFFGWDDdCr,Guns N' Roses,Knockin' On Heaven's Door,66,3
2iUXsYOEPhVqEBwsqP70rE,5 Seconds of Summer,Youngblood,59,5
2iUXsYOEPhVqEBwsqP70rE,5 Seconds of Summer,Youngblood,176,4
2iUXsYOEPhVqEBwsqP70rE,5 Seconds of Summer,Youngblood,264,1
2iUXsYOEPhVqEBwsqP70rE,5 Seconds of Summer,Youngblood,28,4
2iUXsYOEPhVqEBwsqP70rE,5 Seconds of Summer,Youngblood,61,4
2iUXsYOEPhVqEBwsqP70rE,5 Seconds of Summer,Youngblood,84,3
2iUXsYOEPhVqEBwsqP70rE,5 Seconds of Summer,Youngblood,4,5
2iUXsYOEPhVqEBwsqP70rE,5 Seconds of Summer,Youngblood,97,5
2iUXsYOEPhVqEBwsqP70rE,5 Seconds of Summer,Youngblood,151,2
2iUXsYOEPhVqEBwsqP70rE,5 Seconds of Summer,Youngblood,24,3
2iUXsYOEPhVqEBwsqP70rE,5 Seconds of Summer,Youngblood,143,2
2iUXsYOEPhVqEBwsqP70rE,5 Seconds of Summer,Youngblood,103,5
2iUXsYOEPhVqEBwsqP70rE,5 Seconds of Summer,Youngblood,110,5
2iUXsYOEPhVqEBwsqP70rE,5 Seconds of Summer,Youngblood,113,5
2iUXsYOEPhVqEBwsqP70rE,5 Seconds of Summer,Youngblood,25,1
2iUXsYOEPhVqEBwsqP70rE,5 Seconds of Summer,Youngblood,188,5
2iUXsYOEPhVqEBwsqP70rE,5 Seconds of Summer,Youngblood,153,1
2iUXsYOEPhVqEBwsqP70rE,5 Seconds of Summer,Youngblood,248,5
2iUXsYOEPhVqEBwsqP70rE,5 Seconds of Summer,Youngblood,193,3
2iUXsYOEPhVqEBwsqP70rE,5 Seconds of Summer,Youngblood,42,3
2iUXsYOEPhVqEBwsqP70rE,5 Seconds of Summer,Youngblood,63,5
2iUXsYOEPhVqEBwsqP70rE,5 Seconds of Summer,Youngblood,66,4
2KXnst0LYzGaZghI02UACE,Iron Maiden,Purgatory,91,4
2KXnst0LYzGaZghI02UACE,Iron Maiden,Purgatory,247,4
2KXnst0LYzGaZghI02UACE,Iron Maiden,Purgatory,196,2
2KXnst0LYzGaZghI02UACE,Iron Maiden,Purgatory,219,5
2KXnst0LYzGaZghI02UACE,Iron Maiden,Purgatory,40,4
2KXnst0LYzGaZghI02UACE,Iron Maiden,Purgatory,38,4
2KXnst0LYzGaZghI02UACE,Iron Maiden,Purgatory,164,2
2KXnst0LYzGaZghI02UACE,Iron Maiden,Purgatory,66,3
389tiQouNrYiqnHtWy6ShR,DaJakey,Tolerance,11,5
389tiQouNrYiqnHtWy6ShR,DaJakey,Tolerance,110,5
389tiQouNrYiqnHtWy6ShR,DaJakey,Tolerance,2,1
389tiQouNrYiqnHtWy6ShR,DaJakey,Tolerance,215,2
7KTJdQjOzqZCoycHKkrHab,Bob Bobby,Diamond Hoe,11,5
7KTJdQjOzqZCoycHKkrHab,Bob Bobby,Diamond Hoe,135,4
7KTJdQjOzqZCoycHKkrHab,Bob Bobby,Diamond Hoe,164,2
7KTJdQjOzqZCoycHKkrHab,Bob Bobby,Diamond Hoe,66,3
4U45aEWtQhrm8A5mxPaFZ7,billy joel,vienna,134,4
4U45aEWtQhrm8A5mxPaFZ7,billy joel,vienna,247,5
4U45aEWtQhrm8A5mxPaFZ7,billy joel,vienna,219,5
4U45aEWtQhrm8A5mxPaFZ7,billy joel,vienna,66,3
3Y8Ff1nH44jFywAtpgmleZ,Smashing Pumpkins,1979,0,5
3Y8Ff1nH44jFywAtpgmleZ,Smashing Pumpkins,1979,159,2
3Y8Ff1nH44jFywAtpgmleZ,Smashing Pumpkins,1979,176,5
3Y8Ff1nH44jFywAtpgmleZ,Smashing Pumpkins,1979,264,3
3Y8Ff1nH44jFywAtpgmleZ,Smashing Pumpkins,1979,59,2
3Y8Ff1nH44jFywAtpgmleZ,Smashing Pumpkins,1979,112,5
3Y8Ff1nH44jFywAtpgmleZ,Smashing Pumpkins,1979,28,3
3Y8Ff1nH44jFywAtpgmleZ,Smashing Pumpkins,1979,61,3
3Y8Ff1nH44jFywAtpgmleZ,Smashing Pumpkins,1979,206,5
3Y8Ff1nH44jFywAtpgmleZ,Smashing Pumpkins,1979,160,5
3Y8Ff1nH44jFywAtpgmleZ,Smashing Pumpkins,1979,204,5
3Y8Ff1nH44jFywAtpgmleZ,Smashing Pumpkins,1979,4,2
3Y8Ff1nH44jFywAtpgmleZ,Smashing Pumpkins,1979,95,4
3Y8Ff1nH44jFywAtpgmleZ,Smashing Pumpkins,1979,152,4
3Y8Ff1nH44jFywAtpgmleZ,Smashing Pumpkins,1979,69,5
3Y8Ff1nH44jFywAtpgmleZ,Smashing Pumpkins,1979,38,5
3Y8Ff1nH44jFywAtpgmleZ,Smashing Pumpkins,1979,25,1
3Y8Ff1nH44jFywAtpgmleZ,Smashing Pumpkins,1979,2,1
3Y8Ff1nH44jFywAtpgmleZ,Smashing Pumpkins,1979,100,3
3Y8Ff1nH44jFywAtpgmleZ,Smashing Pumpkins,1979,66,3
3Y8Ff1nH44jFywAtpgmleZ,Smashing Pumpkins,1979,150,4
5D2mYZuzcgjpchVY1pmTPh,50 Cent Olivia,Candy Shop,84,5
5D2mYZuzcgjpchVY1pmTPh,50 Cent Olivia,Candy Shop,204,4
5D2mYZuzcgjpchVY1pmTPh,50 Cent Olivia,Candy Shop,47,4
5D2mYZuzcgjpchVY1pmTPh,50 Cent Olivia,Candy Shop,184,5
5D2mYZuzcgjpchVY1pmTPh,50 Cent Olivia,Candy Shop,12,4
5D2mYZuzcgjpchVY1pmTPh,50 Cent Olivia,Candy Shop,242,5
5D2mYZuzcgjpchVY1pmTPh,50 Cent Olivia,Candy Shop,24,5
5D2mYZuzcgjpchVY1pmTPh,50 Cent Olivia,Candy Shop,263,5
5D2mYZuzcgjpchVY1pmTPh,50 Cent Olivia,Candy Shop,110,4
5D2mYZuzcgjpchVY1pmTPh,50 Cent Olivia,Candy Shop,28,1
5D2mYZuzcgjpchVY1pmTPh,50 Cent Olivia,Candy Shop,25,1
5D2mYZuzcgjpchVY1pmTPh,50 Cent Olivia,Candy Shop,49,4
5D2mYZuzcgjpchVY1pmTPh,50 Cent Olivia,Candy Shop,165,5
5D2mYZuzcgjpchVY1pmTPh,50 Cent Olivia,Candy Shop,162,2
5D2mYZuzcgjpchVY1pmTPh,50 Cent Olivia,Candy Shop,214,5
5D2mYZuzcgjpchVY1pmTPh,50 Cent Olivia,Candy Shop,38,5
5D2mYZuzcgjpchVY1pmTPh,50 Cent Olivia,Candy Shop,164,3
2rMFawCg4BW65jzbwztXAV,Travis Scott,Oh My Dis Side,90,4
2rMFawCg4BW65jzbwztXAV,Travis Scott,Oh My Dis Side,125,5
2rMFawCg4BW65jzbwztXAV,Travis Scott,Oh My Dis Side,153,4
2rMFawCg4BW65jzbwztXAV,Travis Scott,Oh My Dis Side,180,5
2rMFawCg4BW65jzbwztXAV,Travis Scott,Oh My Dis Side,164,3
2rMFawCg4BW65jzbwztXAV,Travis Scott,Oh My Dis Side,86,5
2DkZisoN9h1dLa8Sn5sx0n,Palace,Bitter,264,5
2DkZisoN9h1dLa8Sn5sx0n,Palace,Bitter,28,4
2DkZisoN9h1dLa8Sn5sx0n,Palace,Bitter,61,4
2DkZisoN9h1dLa8Sn5sx0n,Palace,Bitter,204,4
2DkZisoN9h1dLa8Sn5sx0n,Palace,Bitter,4,3
2DkZisoN9h1dLa8Sn5sx0n,Palace,Bitter,151,3
2DkZisoN9h1dLa8Sn5sx0n,Palace,Bitter,242,5
2DkZisoN9h1dLa8Sn5sx0n,Palace,Bitter,77,4
2DkZisoN9h1dLa8Sn5sx0n,Palace,Bitter,25,1
2DkZisoN9h1dLa8Sn5sx0n,Palace,Bitter,73,4
2DkZisoN9h1dLa8Sn5sx0n,Palace,Bitter,155,5
2DkZisoN9h1dLa8Sn5sx0n,Palace,Bitter,164,1
2DkZisoN9h1dLa8Sn5sx0n,Palace,Bitter,66,3
0mflMxspEfB0VbI1kyLiAv,Noah Kahan,Stick Season,226,5
0mflMxspEfB0VbI1kyLiAv,Noah Kahan,Stick Season,134,4
0mflMxspEfB0VbI1kyLiAv,Noah Kahan,Stick Season,181,5
0mflMxspEfB0VbI1kyLiAv,Noah Kahan,Stick Season,219,3
0mflMxspEfB0VbI1kyLiAv,Noah Kahan,Stick Season,196,2
0mflMxspEfB0VbI1kyLiAv,Noah Kahan,Stick Season,154,1
0mflMxspEfB0VbI1kyLiAv,Noah Kahan,Stick Season,164,5
2x7MyWybabEz6Y6wvHuwGE,Lady Gaga,Just Dance,227,3
2x7MyWybabEz6Y6wvHuwGE,Lady Gaga,Just Dance,43,5
2x7MyWybabEz6Y6wvHuwGE,Lady Gaga,Just Dance,164,5
2x7MyWybabEz6Y6wvHuwGE,Lady Gaga,Just Dance,66,3
7FTf3bJuCq5UYHjUwggKNB,Dream Theater,Scene Seven: I. The Dance of Eternity ,91,5
7FTf3bJuCq5UYHjUwggKNB,Dream Theater,Scene Seven: I. The Dance of Eternity ,6,1
2YSzYUF3jWqb9YP9VXmpjE,Drake,IDGAF,222,2
2YSzYUF3jWqb9YP9VXmpjE,Drake,IDGAF,215,3
2YSzYUF3jWqb9YP9VXmpjE,Drake,IDGAF,199,5
2YSzYUF3jWqb9YP9VXmpjE,Drake,IDGAF,66,3
65FftemJ1DbbZ45DUfHJXE,New Jeans,OMG,183,5
65FftemJ1DbbZ45DUfHJXE,New Jeans,OMG,43,5
7wBJfHzpfI3032CSD7CE2m,Travis Scott,STARGAZING,170,5
7wBJfHzpfI3032CSD7CE2m,Travis Scott,STARGAZING,164,3
0aajJC4W3PCsLwEI6rFfNO,Mixed Matches,Peroxide,90,5
0aajJC4W3PCsLwEI6rFfNO,Mixed Matches,Peroxide,190,2
0aajJC4W3PCsLwEI6rFfNO,Mixed Matches,Peroxide,196,3
0xMd5bcWTbyXS7wPrBtZA6,Ellie Goulding,Burn,59,5
0xMd5bcWTbyXS7wPrBtZA6,Ellie Goulding,Burn,176,4
0xMd5bcWTbyXS7wPrBtZA6,Ellie Goulding,Burn,264,2
0xMd5bcWTbyXS7wPrBtZA6,Ellie Goulding,Burn,112,1
0xMd5bcWTbyXS7wPrBtZA6,Ellie Goulding,Burn,28,4
0xMd5bcWTbyXS7wPrBtZA6,Ellie Goulding,Burn,61,2
0xMd5bcWTbyXS7wPrBtZA6,Ellie Goulding,Burn,204,4
0xMd5bcWTbyXS7wPrBtZA6,Ellie Goulding,Burn,4,3
0xMd5bcWTbyXS7wPrBtZA6,Ellie Goulding,Burn,55,4
0xMd5bcWTbyXS7wPrBtZA6,Ellie Goulding,Burn,47,3
0xMd5bcWTbyXS7wPrBtZA6,Ellie Goulding,Burn,18,2
0xMd5bcWTbyXS7wPrBtZA6,Ellie Goulding,Burn,97,4
0xMd5bcWTbyXS7wPrBtZA6,Ellie Goulding,Burn,46,1
0xMd5bcWTbyXS7wPrBtZA6,Ellie Goulding,Burn,12,4
0xMd5bcWTbyXS7wPrBtZA6,Ellie Goulding,Burn,36,4
0xMd5bcWTbyXS7wPrBtZA6,Ellie Goulding,Burn,38,3
0xMd5bcWTbyXS7wPrBtZA6,Ellie Goulding,Burn,25,1
0xMd5bcWTbyXS7wPrBtZA6,Ellie Goulding,Burn,34,5
0xMd5bcWTbyXS7wPrBtZA6,Ellie Goulding,Burn,213,4
0xMd5bcWTbyXS7wPrBtZA6,Ellie Goulding,Burn,231,3
0xMd5bcWTbyXS7wPrBtZA6,Ellie Goulding,Burn,164,2
0xMd5bcWTbyXS7wPrBtZA6,Ellie Goulding,Burn,66,3
2PpNgmrS9mAyrkRAwn6YPq,Dio,Rainbow in the Dark,51,5
2PpNgmrS9mAyrkRAwn6YPq,Dio,Rainbow in the Dark,91,5
2PpNgmrS9mAyrkRAwn6YPq,Dio,Rainbow in the Dark,228,5
2PpNgmrS9mAyrkRAwn6YPq,Dio,Rainbow in the Dark,140,5
2PpNgmrS9mAyrkRAwn6YPq,Dio,Rainbow in the Dark,177,4
2JzZzZUQj3Qff7wapcbKjc,Wiz Khalifa,See You Again,28,1
2JzZzZUQj3Qff7wapcbKjc,Wiz Khalifa,See You Again,215,5
2JzZzZUQj3Qff7wapcbKjc,Wiz Khalifa,See You Again,66,3
3NJzkMApQqAudLSgYb5Bz2,jim croce,operator,87,5
3NJzkMApQqAudLSgYb5Bz2,jim croce,operator,260,5
3NJzkMApQqAudLSgYb5Bz2,jim croce,operator,91,5
3NJzkMApQqAudLSgYb5Bz2,jim croce,operator,246,1
68Dni7IE4VyPkTOH9mRWHr,J. Cole,No Role Modelz,192,4
68Dni7IE4VyPkTOH9mRWHr,J. Cole,No Role Modelz,58,5
68Dni7IE4VyPkTOH9mRWHr,J. Cole,No Role Modelz,116,5
68Dni7IE4VyPkTOH9mRWHr,J. Cole,No Role Modelz,164,4
68Dni7IE4VyPkTOH9mRWHr,J. Cole,No Role Modelz,66,3
68Dni7IE4VyPkTOH9mRWHr,J. Cole,No Role Modelz,86,5
7KPRB8KERypJQurpX1xUpm,Sonu Nigam,Mujhse Shaadi Karogi,3,4
7KPRB8KERypJQurpX1xUpm,Sonu Nigam,Mujhse Shaadi Karogi,66,3
0PV1TFUMTBrDETzW6KQulB,Souls Of Mischief,93 'Til Infinity,160,5
0PV1TFUMTBrDETzW6KQulB,Souls Of Mischief,93 'Til Infinity,76,3
0PV1TFUMTBrDETzW6KQulB,Souls Of Mischief,93 'Til Infinity,28,4
0PV1TFUMTBrDETzW6KQulB,Souls Of Mischief,93 'Til Infinity,78,1
0PV1TFUMTBrDETzW6KQulB,Souls Of Mischief,93 'Til Infinity,184,3
0PV1TFUMTBrDETzW6KQulB,Souls Of Mischief,93 'Til Infinity,115,3
0PV1TFUMTBrDETzW6KQulB,Souls Of Mischief,93 'Til Infinity,25,1
0PV1TFUMTBrDETzW6KQulB,Souls Of Mischief,93 'Til Infinity,90,5
0PV1TFUMTBrDETzW6KQulB,Souls Of Mischief,93 'Til Infinity,49,3
0PV1TFUMTBrDETzW6KQulB,Souls Of Mischief,93 'Til Infinity,116,5
0PV1TFUMTBrDETzW6KQulB,Souls Of Mischief,93 'Til Infinity,197,5
0PV1TFUMTBrDETzW6KQulB,Souls Of Mischief,93 'Til Infinity,216,4
0PV1TFUMTBrDETzW6KQulB,Souls Of Mischief,93 'Til Infinity,192,5
0PV1TFUMTBrDETzW6KQulB,Souls Of Mischief,93 'Til Infinity,199,5
0PV1TFUMTBrDETzW6KQulB,Souls Of Mischief,93 'Til Infinity,66,3
4xI3U4sDj1TPmO9Iz5TkYp,El Alfa,4K,198,5
4xI3U4sDj1TPmO9Iz5TkYp,El Alfa,4K,66,3
5dIKF6uVJ206hj0pO0gg0I,Lipps Inc.,Funkytown,15,5
5dIKF6uVJ206hj0pO0gg0I,Lipps Inc.,Funkytown,219,3
5dIKF6uVJ206hj0pO0gg0I,Lipps Inc.,Funkytown,158,5
5dIKF6uVJ206hj0pO0gg0I,Lipps Inc.,Funkytown,259,3
5dIKF6uVJ206hj0pO0gg0I,Lipps Inc.,Funkytown,144,3
2ENexcMEMsYk0rVJigVD3i,Rihanna,Only Girl(In The World),40,5
2ENexcMEMsYk0rVJigVD3i,Rihanna,Only Girl(In The World),48,3
2ENexcMEMsYk0rVJigVD3i,Rihanna,Only Girl(In The World),43,5
2ENexcMEMsYk0rVJigVD3i,Rihanna,Only Girl(In The World),215,3
6CkWCVDNZg8w638zh6BDJY,The Box,Roddy Rich,110,5
6CkWCVDNZg8w638zh6BDJY,The Box,Roddy Rich,71,4
6CkWCVDNZg8w638zh6BDJY,The Box,Roddy Rich,260,4
6CkWCVDNZg8w638zh6BDJY,The Box,Roddy Rich,253,4
6CkWCVDNZg8w638zh6BDJY,The Box,Roddy Rich,42,3
6CkWCVDNZg8w638zh6BDJY,The Box,Roddy Rich,34,4
6CkWCVDNZg8w638zh6BDJY,The Box,Roddy Rich,21,4
6CkWCVDNZg8w638zh6BDJY,The Box,Roddy Rich,160,4
6CkWCVDNZg8w638zh6BDJY,The Box,Roddy Rich,172,3
6CkWCVDNZg8w638zh6BDJY,The Box,Roddy Rich,180,3
6CkWCVDNZg8w638zh6BDJY,The Box,Roddy Rich,164,4
6CkWCVDNZg8w638zh6BDJY,The Box,Roddy Rich,169,5
6CkWCVDNZg8w638zh6BDJY,The Box,Roddy Rich,166,4
6CkWCVDNZg8w638zh6BDJY,The Box,Roddy Rich,246,2
6CkWCVDNZg8w638zh6BDJY,The Box,Roddy Rich,216,3
6CkWCVDNZg8w638zh6BDJY,The Box,Roddy Rich,251,1
6CkWCVDNZg8w638zh6BDJY,The Box,Roddy Rich,215,3
6CkWCVDNZg8w638zh6BDJY,The Box,Roddy Rich,66,3
6CkWCVDNZg8w638zh6BDJY,The Box,Roddy Rich,86,4
6CkWCVDNZg8w638zh6BDJY,The Box,Roddy Rich,177,4
7iXF2W9vKmDoGAhlHdpyIa,Dr Dre,Forgot About Dre,185,5
7iXF2W9vKmDoGAhlHdpyIa,Dr Dre,Forgot About Dre,66,3
3vkCueOmm7xQDoJ17W1Pm3,Mitski,My Love Mine All Mine,17,5
3vkCueOmm7xQDoJ17W1Pm3,Mitski,My Love Mine All Mine,43,5
3vkCueOmm7xQDoJ17W1Pm3,Mitski,My Love Mine All Mine,215,1
3vkCueOmm7xQDoJ17W1Pm3,Mitski,My Love Mine All Mine,199,4
3s4U7OHV7gnj42VV72eSZ6,Clean Bandit feat Jess Glynne,Rather Be,196,5
3s4U7OHV7gnj42VV72eSZ6,Clean Bandit feat Jess Glynne,Rather Be,164,2
3s4U7OHV7gnj42VV72eSZ6,Clean Bandit feat Jess Glynne,Rather Be,66,3
6n3HGiq4v35D6eFOSwqYuo,Drakje,Teenage Fever,253,4
6n3HGiq4v35D6eFOSwqYuo,Drakje,Teenage Fever,21,4
6n3HGiq4v35D6eFOSwqYuo,Drakje,Teenage Fever,258,5
6n3HGiq4v35D6eFOSwqYuo,Drakje,Teenage Fever,179,4
6n3HGiq4v35D6eFOSwqYuo,Drakje,Teenage Fever,219,5
6n3HGiq4v35D6eFOSwqYuo,Drakje,Teenage Fever,255,4
5RLv04XXxe0Nc4W7DTBJGT,张国荣,风继续吹,28,5
5RLv04XXxe0Nc4W7DTBJGT,张国荣,风继续吹,66,3
6gOIHf3Y3W7uTe8ERFYzex,Nightwish ,Noise,94,5
6gOIHf3Y3W7uTe8ERFYzex,Nightwish ,Noise,25,3
6gOIHf3Y3W7uTe8ERFYzex,Nightwish ,Noise,202,2
6gOIHf3Y3W7uTe8ERFYzex,Nightwish ,Noise,91,2
6gOIHf3Y3W7uTe8ERFYzex,Nightwish ,Noise,258,5
6gOIHf3Y3W7uTe8ERFYzex,Nightwish ,Noise,219,3
6gOIHf3Y3W7uTe8ERFYzex,Nightwish ,Noise,158,2
6gOIHf3Y3W7uTe8ERFYzex,Nightwish ,Noise,140,5
3k79jB4aGmMDUQzEwa46Rz,Olivia Rodrigo,Vampire,17,5
7DnAm9FOTWE3cUvso43HhI,Ava Max,Sweet but Psycho,59,5
7DnAm9FOTWE3cUvso43HhI,Ava Max,Sweet but Psycho,176,3
7DnAm9FOTWE3cUvso43HhI,Ava Max,Sweet but Psycho,264,1
7DnAm9FOTWE3cUvso43HhI,Ava Max,Sweet but Psycho,28,5
7DnAm9FOTWE3cUvso43HhI,Ava Max,Sweet but Psycho,61,4
7DnAm9FOTWE3cUvso43HhI,Ava Max,Sweet but Psycho,204,5
7DnAm9FOTWE3cUvso43HhI,Ava Max,Sweet but Psycho,4,3
7DnAm9FOTWE3cUvso43HhI,Ava Max,Sweet but Psycho,55,4
7DnAm9FOTWE3cUvso43HhI,Ava Max,Sweet but Psycho,57,3
7DnAm9FOTWE3cUvso43HhI,Ava Max,Sweet but Psycho,151,2
7DnAm9FOTWE3cUvso43HhI,Ava Max,Sweet but Psycho,18,3
7DnAm9FOTWE3cUvso43HhI,Ava Max,Sweet but Psycho,46,1
7DnAm9FOTWE3cUvso43HhI,Ava Max,Sweet but Psycho,143,4
7DnAm9FOTWE3cUvso43HhI,Ava Max,Sweet but Psycho,115,4
7DnAm9FOTWE3cUvso43HhI,Ava Max,Sweet but Psycho,29,4
7DnAm9FOTWE3cUvso43HhI,Ava Max,Sweet but Psycho,96,3
7DnAm9FOTWE3cUvso43HhI,Ava Max,Sweet but Psycho,25,1
7DnAm9FOTWE3cUvso43HhI,Ava Max,Sweet but Psycho,20,1
7DnAm9FOTWE3cUvso43HhI,Ava Max,Sweet but Psycho,193,2
7DnAm9FOTWE3cUvso43HhI,Ava Max,Sweet but Psycho,260,4
7DnAm9FOTWE3cUvso43HhI,Ava Max,Sweet but Psycho,172,4
7DnAm9FOTWE3cUvso43HhI,Ava Max,Sweet but Psycho,231,1
7DnAm9FOTWE3cUvso43HhI,Ava Max,Sweet but Psycho,63,5
7DnAm9FOTWE3cUvso43HhI,Ava Max,Sweet but Psycho,215,5
7DnAm9FOTWE3cUvso43HhI,Ava Max,Sweet but Psycho,66,3
40riOy7x9W7GXjyGp4pjAv,Eagles,Hotel California - 2013 Remaster,48,5
40riOy7x9W7GXjyGp4pjAv,Eagles,Hotel California - 2013 Remaster,76,4
4mwO9qIVmngSe7yR5Ios0I,Aminé,DR.WHOEVER,251,5
4mwO9qIVmngSe7yR5Ios0I,Aminé,DR.WHOEVER,58,5
4mwO9qIVmngSe7yR5Ios0I,Aminé,DR.WHOEVER,66,3